lab_id,video_id,mouse1_strain,mouse1_color,mouse1_sex,mouse1_id,mouse1_age,mouse1_condition,mouse2_strain,mouse2_color,mouse2_sex,mouse2_id,mouse2_age,mouse2_condition,mouse3_strain,mouse3_color,mouse3_sex,mouse3_id,mouse3_age,mouse3_condition,mouse4_strain,mouse4_color,mouse4_sex,mouse4_id,mouse4_age,mouse4_condition,frames_per_second,video_duration_sec,pix_per_cm_approx,video_width_pix,video_height_pix,arena_width_cm,arena_height_cm,arena_shape,arena_type,body_parts_tracked,behaviors_labeled,tracking_method,actions_list,video_score
NiftyGoldfinch,1654932902,C57Bl/6J,black,male,23.0,,cabled device,C57Bl/6J,black,male,50.0,,cabled device,,,,,,,,,,,,,30.0,1181.2,13.5,600,350,33.0,19.0,rectangular,neutral,"[""body_center"", ""ear_left"", ""ear_right"", ""nose"", ""tail_base""]","[""mouse1,mouse2,approach"", ""mouse1,mouse2,attack"", ""mouse1,mouse2,chase"", ""mouse1,mouse2,defend"", ""mouse1,mouse2,escape"", ""mouse1,mouse2,flinch"", ""mouse1,mouse2,follow"", ""mouse1,mouse2,sniff"", ""mouse1,mouse2,sniffface"", ""mouse1,mouse2,sniffgenital"", ""mouse1,mouse2,tussle"", ""mouse1,self,biteobject"", ""mouse1,self,climb"", ""mouse1,self,dig"", ""mouse1,self,exploreobject"", ""mouse1,self,rear"", ""mouse1,self,selfgroom"", ""mouse2,mouse1,approach"", ""mouse2,mouse1,attack"", ""mouse2,mouse1,chase"", ""mouse2,mouse1,defend"", ""mouse2,mouse1,escape"", ""mouse2,mouse1,flinch"", ""mouse2,mouse1,follow"", ""mouse2,mouse1,sniff"", ""mouse2,mouse1,sniffface"", ""mouse2,mouse1,sniffgenital"", ""mouse2,mouse1,tussle"", ""mouse2,self,biteobject"", ""mouse2,self,climb"", ""mouse2,self,dig"", ""mouse2,self,exploreobject"", ""mouse2,self,rear"", ""mouse2,self,selfgroom""]",SLEAP,"['chase', 'flinch', 'sniffgenital', 'approach', 'biteobject', 'sniff', 'tussle', 'climb', 'attack', 'escape', 'exploreobject', 'rear', 'selfgroom', 'dig', 'follow', 'sniffface', 'defend']",0.529290307630026
NiftyGoldfinch,1539947238,C57Bl/6J,black,male,26.0,,cabled device,C57Bl/6J,black,male,53.0,,cabled device,,,,,,,,,,,,,30.0,1181.2,13.5,600,350,33.0,19.0,rectangular,neutral,"[""body_center"", ""ear_left"", ""ear_right"", ""nose"", ""tail_base""]","[""mouse1,mouse2,approach"", ""mouse1,mouse2,attack"", ""mouse1,mouse2,chase"", ""mouse1,mouse2,defend"", ""mouse1,mouse2,escape"", ""mouse1,mouse2,flinch"", ""mouse1,mouse2,follow"", ""mouse1,mouse2,sniff"", ""mouse1,mouse2,sniffface"", ""mouse1,mouse2,sniffgenital"", ""mouse1,mouse2,tussle"", ""mouse1,self,biteobject"", ""mouse1,self,climb"", ""mouse1,self,dig"", ""mouse1,self,exploreobject"", ""mouse1,self,rear"", ""mouse1,self,selfgroom"", ""mouse2,mouse1,approach"", ""mouse2,mouse1,attack"", ""mouse2,mouse1,chase"", ""mouse2,mouse1,defend"", ""mouse2,mouse1,escape"", ""mouse2,mouse1,flinch"", ""mouse2,mouse1,follow"", ""mouse2,mouse1,sniff"", ""mouse2,mouse1,sniffface"", ""mouse2,mouse1,sniffgenital"", ""mouse2,mouse1,tussle"", ""mouse2,self,biteobject"", ""mouse2,self,climb"", ""mouse2,self,dig"", ""mouse2,self,exploreobject"", ""mouse2,self,rear"", ""mouse2,self,selfgroom""]",SLEAP,"['chase', 'flinch', 'sniffgenital', 'approach', 'biteobject', 'sniff', 'tussle', 'climb', 'attack', 'escape', 'exploreobject', 'rear', 'selfgroom', 'dig', 'follow', 'sniffface', 'defend']",0.529290307630026
NiftyGoldfinch,1269061587,C57Bl/6J,black,male,8.0,,cabled device,C57Bl/6J,black,male,35.0,,cabled device,,,,,,,,,,,,,30.0,916.7,13.5,600,350,33.0,19.0,rectangular,neutral,"[""body_center"", ""ear_left"", ""ear_right"", ""nose"", ""tail_base""]","[""mouse1,mouse2,approach"", ""mouse1,mouse2,attack"", ""mouse1,mouse2,chase"", ""mouse1,mouse2,defend"", ""mouse1,mouse2,escape"", ""mouse1,mouse2,flinch"", ""mouse1,mouse2,follow"", ""mouse1,mouse2,sniff"", ""mouse1,mouse2,sniffface"", ""mouse1,mouse2,sniffgenital"", ""mouse1,mouse2,tussle"", ""mouse1,self,biteobject"", ""mouse1,self,climb"", ""mouse1,self,dig"", ""mouse1,self,exploreobject"", ""mouse1,self,rear"", ""mouse1,self,selfgroom"", ""mouse2,mouse1,approach"", ""mouse2,mouse1,attack"", ""mouse2,mouse1,chase"", ""mouse2,mouse1,defend"", ""mouse2,mouse1,escape"", ""mouse2,mouse1,flinch"", ""mouse2,mouse1,follow"", ""mouse2,mouse1,sniff"", ""mouse2,mouse1,sniffface"", ""mouse2,mouse1,sniffgenital"", ""mouse2,mouse1,tussle"", ""mouse2,self,biteobject"", ""mouse2,self,climb"", ""mouse2,self,dig"", ""mouse2,self,exploreobject"", ""mouse2,self,rear"", ""mouse2,self,selfgroom""]",SLEAP,"['chase', 'flinch', 'sniffgenital', 'approach', 'biteobject', 'sniff', 'tussle', 'climb', 'attack', 'escape', 'exploreobject', 'rear', 'selfgroom', 'dig', 'follow', 'sniffface', 'defend']",0.529290307630026
NiftyGoldfinch,1233426234,C57Bl/6J,black,male,11.0,,cabled device,C57Bl/6J,black,male,38.0,,cabled device,,,,,,,,,,,,,30.0,1179.9,13.5,600,350,33.0,19.0,rectangular,neutral,"[""body_center"", ""ear_left"", ""ear_right"", ""nose"", ""tail_base""]","[""mouse1,mouse2,approach"", ""mouse1,mouse2,attack"", ""mouse1,mouse2,chase"", ""mouse1,mouse2,defend"", ""mouse1,mouse2,escape"", ""mouse1,mouse2,flinch"", ""mouse1,mouse2,follow"", ""mouse1,mouse2,sniff"", ""mouse1,mouse2,sniffface"", ""mouse1,mouse2,sniffgenital"", ""mouse1,mouse2,tussle"", ""mouse1,self,biteobject"", ""mouse1,self,climb"", ""mouse1,self,dig"", ""mouse1,self,exploreobject"", ""mouse1,self,rear"", ""mouse1,self,selfgroom"", ""mouse2,mouse1,approach"", ""mouse2,mouse1,attack"", ""mouse2,mouse1,chase"", ""mouse2,mouse1,defend"", ""mouse2,mouse1,escape"", ""mouse2,mouse1,flinch"", ""mouse2,mouse1,follow"", ""mouse2,mouse1,sniff"", ""mouse2,mouse1,sniffface"", ""mouse2,mouse1,sniffgenital"", ""mouse2,mouse1,tussle"", ""mouse2,self,biteobject"", ""mouse2,self,climb"", ""mouse2,self,dig"", ""mouse2,self,exploreobject"", ""mouse2,self,rear"", ""mouse2,self,selfgroom""]",SLEAP,"['chase', 'flinch', 'sniffgenital', 'approach', 'biteobject', 'sniff', 'tussle', 'climb', 'attack', 'escape', 'exploreobject', 'rear', 'selfgroom', 'dig', 'follow', 'sniffface', 'defend']",0.529290307630026
NiftyGoldfinch,1223664597,C57Bl/6J,black,male,20.0,,cabled device,C57Bl/6J,black,male,47.0,,cabled device,,,,,,,,,,,,,30.0,1174.4,13.5,600,350,33.0,19.0,rectangular,neutral,"[""body_center"", ""ear_left"", ""ear_right"", ""nose"", ""tail_base""]","[""mouse1,mouse2,approach"", ""mouse1,mouse2,attack"", ""mouse1,mouse2,chase"", ""mouse1,mouse2,defend"", ""mouse1,mouse2,escape"", ""mouse1,mouse2,flinch"", ""mouse1,mouse2,follow"", ""mouse1,mouse2,sniff"", ""mouse1,mouse2,sniffface"", ""mouse1,mouse2,sniffgenital"", ""mouse1,mouse2,tussle"", ""mouse1,self,biteobject"", ""mouse1,self,climb"", ""mouse1,self,dig"", ""mouse1,self,exploreobject"", ""mouse1,self,rear"", ""mouse1,self,selfgroom"", ""mouse2,mouse1,approach"", ""mouse2,mouse1,attack"", ""mouse2,mouse1,chase"", ""mouse2,mouse1,defend"", ""mouse2,mouse1,escape"", ""mouse2,mouse1,flinch"", ""mouse2,mouse1,follow"", ""mouse2,mouse1,sniff"", ""mouse2,mouse1,sniffface"", ""mouse2,mouse1,sniffgenital"", ""mouse2,mouse1,tussle"", ""mouse2,self,biteobject"", ""mouse2,self,climb"", ""mouse2,self,dig"", ""mouse2,self,exploreobject"", ""mouse2,self,rear"", ""mouse2,self,selfgroom""]",SLEAP,"['chase', 'flinch', 'sniffgenital', 'approach', 'biteobject', 'sniff', 'tussle', 'climb', 'attack', 'escape', 'exploreobject', 'rear', 'selfgroom', 'dig', 'follow', 'sniffface', 'defend']",0.529290307630026
NiftyGoldfinch,984382096,C57Bl/6J,black,male,4.0,,cabled device,C57Bl/6J,black,male,31.0,,cabled device,,,,,,,,,,,,,30.0,1177.7,13.5,600,350,33.0,19.0,rectangular,neutral,"[""body_center"", ""ear_left"", ""ear_right"", ""nose"", ""tail_base""]","[""mouse1,mouse2,approach"", ""mouse1,mouse2,attack"", ""mouse1,mouse2,chase"", ""mouse1,mouse2,defend"", ""mouse1,mouse2,escape"", ""mouse1,mouse2,flinch"", ""mouse1,mouse2,follow"", ""mouse1,mouse2,sniff"", ""mouse1,mouse2,sniffface"", ""mouse1,mouse2,sniffgenital"", ""mouse1,mouse2,tussle"", ""mouse1,self,biteobject"", ""mouse1,self,climb"", ""mouse1,self,dig"", ""mouse1,self,exploreobject"", ""mouse1,self,rear"", ""mouse1,self,selfgroom"", ""mouse2,mouse1,approach"", ""mouse2,mouse1,attack"", ""mouse2,mouse1,chase"", ""mouse2,mouse1,defend"", ""mouse2,mouse1,escape"", ""mouse2,mouse1,flinch"", ""mouse2,mouse1,follow"", ""mouse2,mouse1,sniff"", ""mouse2,mouse1,sniffface"", ""mouse2,mouse1,sniffgenital"", ""mouse2,mouse1,tussle"", ""mouse2,self,biteobject"", ""mouse2,self,climb"", ""mouse2,self,dig"", ""mouse2,self,exploreobject"", ""mouse2,self,rear"", ""mouse2,self,selfgroom""]",SLEAP,"['chase', 'flinch', 'sniffgenital', 'approach', 'biteobject', 'sniff', 'tussle', 'climb', 'attack', 'escape', 'exploreobject', 'rear', 'selfgroom', 'dig', 'follow', 'sniffface', 'defend']",0.529290307630026
NiftyGoldfinch,425399867,C57Bl/6J,black,male,13.0,,cabled device,C57Bl/6J,black,male,40.0,,cabled device,,,,,,,,,,,,,30.0,1181.0,13.5,600,350,33.0,19.0,rectangular,neutral,"[""body_center"", ""ear_left"", ""ear_right"", ""nose"", ""tail_base""]","[""mouse1,mouse2,approach"", ""mouse1,mouse2,attack"", ""mouse1,mouse2,chase"", ""mouse1,mouse2,defend"", ""mouse1,mouse2,escape"", ""mouse1,mouse2,flinch"", ""mouse1,mouse2,follow"", ""mouse1,mouse2,sniff"", ""mouse1,mouse2,sniffface"", ""mouse1,mouse2,sniffgenital"", ""mouse1,mouse2,tussle"", ""mouse1,self,biteobject"", ""mouse1,self,climb"", ""mouse1,self,dig"", ""mouse1,self,exploreobject"", ""mouse1,self,rear"", ""mouse1,self,selfgroom"", ""mouse2,mouse1,approach"", ""mouse2,mouse1,attack"", ""mouse2,mouse1,chase"", ""mouse2,mouse1,defend"", ""mouse2,mouse1,escape"", ""mouse2,mouse1,flinch"", ""mouse2,mouse1,follow"", ""mouse2,mouse1,sniff"", ""mouse2,mouse1,sniffface"", ""mouse2,mouse1,sniffgenital"", ""mouse2,mouse1,tussle"", ""mouse2,self,biteobject"", ""mouse2,self,climb"", ""mouse2,self,dig"", ""mouse2,self,exploreobject"", ""mouse2,self,rear"", ""mouse2,self,selfgroom""]",SLEAP,"['chase', 'flinch', 'sniffgenital', 'approach', 'biteobject', 'sniff', 'tussle', 'climb', 'attack', 'escape', 'exploreobject', 'rear', 'selfgroom', 'dig', 'follow', 'sniffface', 'defend']",0.529290307630026
NiftyGoldfinch,101686631,C57Bl/6J,black,male,15.0,,cabled device,C57Bl/6J,black,male,42.0,,cabled device,,,,,,,,,,,,,30.0,274.4,13.5,600,350,33.0,19.0,rectangular,neutral,"[""body_center"", ""ear_left"", ""ear_right"", ""nose"", ""tail_base""]","[""mouse1,mouse2,approach"", ""mouse1,mouse2,attack"", ""mouse1,mouse2,chase"", ""mouse1,mouse2,defend"", ""mouse1,mouse2,escape"", ""mouse1,mouse2,flinch"", ""mouse1,mouse2,follow"", ""mouse1,mouse2,sniff"", ""mouse1,mouse2,sniffface"", ""mouse1,mouse2,sniffgenital"", ""mouse1,mouse2,tussle"", ""mouse1,self,biteobject"", ""mouse1,self,climb"", ""mouse1,self,dig"", ""mouse1,self,exploreobject"", ""mouse1,self,rear"", ""mouse1,self,selfgroom"", ""mouse2,mouse1,approach"", ""mouse2,mouse1,attack"", ""mouse2,mouse1,chase"", ""mouse2,mouse1,defend"", ""mouse2,mouse1,escape"", ""mouse2,mouse1,flinch"", ""mouse2,mouse1,follow"", ""mouse2,mouse1,sniff"", ""mouse2,mouse1,sniffface"", ""mouse2,mouse1,sniffgenital"", ""mouse2,mouse1,tussle"", ""mouse2,self,biteobject"", ""mouse2,self,climb"", ""mouse2,self,dig"", ""mouse2,self,exploreobject"", ""mouse2,self,rear"", ""mouse2,self,selfgroom""]",SLEAP,"['chase', 'flinch', 'sniffgenital', 'approach', 'biteobject', 'sniff', 'tussle', 'climb', 'attack', 'escape', 'exploreobject', 'rear', 'selfgroom', 'dig', 'follow', 'sniffface', 'defend']",0.529290307630026
DeliriousFly,1378394926,C57Bl/6J,black,male,5.0,,cabled device,BALB/c,white,male,,,,,,,,,,,,,,,,60.01,900.1,16.0,864,412,38.0,18.5,rectangular,resident-intruder,"[""body_center"", ""ear_left"", ""ear_right"", ""lateral_left"", ""lateral_right"", ""nose"", ""tail_base"", ""tail_tip""]","[""'mouse1','mouse2','sniff'"", ""mouse1','mouse2','attack'"", ""mouse1','mouse2','dominance'"", ""mouse1,mouse2,attack"", ""mouse1,mouse2,dominance"", ""mouse1,mouse2,sniff""]",DeepLabCut,"[""'dominance'"", 'sniff', ""'sniff'"", 'dominance', ""'attack'"", 'attack']",0.4141395407164025
DeliriousFly,1549344783,C57Bl/6J,black,male,5.0,,cabled device,BALB/c,white,male,,,,,,,,,,,,,,,,60.01,899.8,16.0,864,412,38.0,18.5,rectangular,resident-intruder,"[""body_center"", ""ear_left"", ""ear_right"", ""lateral_left"", ""lateral_right"", ""nose"", ""tail_base"", ""tail_tip""]","[""'mouse1','mouse2','sniff'"", ""mouse1','mouse2','attack'"", ""mouse1','mouse2','dominance'"", ""mouse1,mouse2,attack"", ""mouse1,mouse2,dominance"", ""mouse1,mouse2,sniff""]",DeepLabCut,"[""'dominance'"", 'sniff', ""'sniff'"", 'dominance', ""'attack'"", 'attack']",0.4141395407164025
DeliriousFly,1649549863,C57Bl/6J,black,male,5.0,,cabled device,BALB/c,white,male,,,,,,,,,,,,,,,,60.0,899.8,16.0,864,412,38.0,18.5,rectangular,resident-intruder,"[""body_center"", ""ear_left"", ""ear_right"", ""lateral_left"", ""lateral_right"", ""nose"", ""tail_base"", ""tail_tip""]","[""'mouse1','mouse2','sniff'"", ""mouse1','mouse2','attack'"", ""mouse1','mouse2','dominance'"", ""mouse1,mouse2,attack"", ""mouse1,mouse2,dominance"", ""mouse1,mouse2,sniff""]",DeepLabCut,"[""'dominance'"", 'sniff', ""'sniff'"", 'dominance', ""'attack'"", 'attack']",0.4141395407164025
DeliriousFly,1894091332,C57Bl/6J,black,male,5.0,,cabled device,BALB/c,white,male,,,,,,,,,,,,,,,,60.01,900.1,16.0,864,412,38.0,18.5,rectangular,resident-intruder,"[""body_center"", ""ear_left"", ""ear_right"", ""lateral_left"", ""lateral_right"", ""nose"", ""tail_base"", ""tail_tip""]","[""'mouse1','mouse2','sniff'"", ""mouse1','mouse2','attack'"", ""mouse1','mouse2','dominance'"", ""mouse1,mouse2,attack"", ""mouse1,mouse2,dominance"", ""mouse1,mouse2,sniff""]",DeepLabCut,"[""'dominance'"", 'sniff', ""'sniff'"", 'dominance', ""'attack'"", 'attack']",0.4141395407164025
ElegantMink,1715945836,C57Bl/6J,black,male,31.0,,,C57Bl/6J,black,female,32.0,,hormone primed,,,,,,,,,,,,,30.0,1807.1,18.8,720,480,33.0,22.0,rectangular,resident-intruder,"[""ear_left"", ""ear_right"", ""hip_left"", ""hip_right"", ""neck"", ""nose"", ""tail_base""]","[""mouse1,mouse2,ejaculate"", ""mouse1,mouse2,intromit"", ""mouse1,mouse2,mount"", ""mouse1,mouse2,sniff"", ""mouse1,mouse2,sniffgenital"", ""mouse2,self,rear"", ""mouse2,self,selfgroom""]",SLEAP,"['ejaculate', 'sniffgenital', 'sniff', 'selfgroom', 'rear', 'intromit', 'mount']",0.3661889644117906
GroovyShrew,1194163628,C57Bl/6J,black,male,9.0,,cabled device,C57Bl/6J,black,female,1.0,,cabled device,,,,,,,,,,,,,30.0,716.9,11.4,540,300,33.0,19.0,rectangular,neutral,"[""ear_left"", ""ear_right"", ""head"", ""tail_base""]","[""mouse1,mouse2,approach"", ""mouse1,mouse2,escape"", ""mouse1,mouse2,intromit"", ""mouse1,mouse2,mount"", ""mouse1,mouse2,sniff"", ""mouse1,mouse2,sniffgenital"", ""mouse1,self,dig"", ""mouse1,self,rear"", ""mouse1,self,rest"", ""mouse1,self,selfgroom"", ""mouse2,mouse1,approach"", ""mouse2,mouse1,escape"", ""mouse2,mouse1,sniff"", ""mouse2,mouse1,sniffgenital"", ""mouse2,self,climb"", ""mouse2,self,dig"", ""mouse2,self,rear"", ""mouse2,self,rest"", ""mouse2,self,run"", ""mouse2,self,selfgroom""]",SLEAP,"['climb', 'sniffgenital', 'approach', 'sniff', 'escape', 'selfgroom', 'rear', 'rest', 'dig', 'run', 'intromit', 'mount']",0.2782890134579637
GroovyShrew,768075914,C57Bl/6J,black,male,18.0,,cabled device,C57Bl/6J,black,female,3.0,,cabled device,,,,,,,,,,,,,30.0,718.4,11.2,534,293,33.0,19.0,rectangular,neutral,"[""ear_left"", ""ear_right"", ""head"", ""tail_base""]","[""mouse1,mouse2,approach"", ""mouse1,mouse2,escape"", ""mouse1,mouse2,intromit"", ""mouse1,mouse2,mount"", ""mouse1,mouse2,sniff"", ""mouse1,mouse2,sniffgenital"", ""mouse1,self,dig"", ""mouse1,self,rear"", ""mouse1,self,run"", ""mouse1,self,selfgroom"", ""mouse2,mouse1,approach"", ""mouse2,mouse1,escape"", ""mouse2,mouse1,sniff"", ""mouse2,mouse1,sniffgenital"", ""mouse2,self,climb"", ""mouse2,self,dig"", ""mouse2,self,rear"", ""mouse2,self,rest"", ""mouse2,self,run"", ""mouse2,self,selfgroom""]",SLEAP,"['climb', 'sniffgenital', 'approach', 'sniff', 'escape', 'selfgroom', 'rear', 'rest', 'dig', 'run', 'intromit', 'mount']",0.2782890134579637
GroovyShrew,1864237378,C57Bl/6J,black,male,9.0,,cabled device,C57Bl/6J,black,female,2.0,,cabled device,,,,,,,,,,,,,30.0,734.2,11.4,536,314,33.0,19.0,rectangular,neutral,"[""ear_left"", ""ear_right"", ""head"", ""tail_base""]","[""mouse1,mouse2,approach"", ""mouse1,mouse2,sniff"", ""mouse1,mouse2,sniffgenital"", ""mouse1,self,dig"", ""mouse1,self,rear"", ""mouse1,self,rest"", ""mouse1,self,run"", ""mouse1,self,selfgroom"", ""mouse2,mouse1,approach"", ""mouse2,mouse1,escape"", ""mouse2,mouse1,sniff"", ""mouse2,mouse1,sniffgenital"", ""mouse2,self,climb"", ""mouse2,self,dig"", ""mouse2,self,rear"", ""mouse2,self,run"", ""mouse2,self,selfgroom""]",SLEAP,"['climb', 'sniffgenital', 'approach', 'sniff', 'selfgroom', 'escape', 'rear', 'rest', 'dig', 'run']",0.2653853875194392
GroovyShrew,1205169652,C57Bl/6J,black,male,15.0,,wireless device,C57Bl/6J,black,female,8.0,,wireless device,,,,,,,,,,,,,30.0,1159.3,12.4,515,295,33.0,19.0,rectangular,neutral,"[""ear_left"", ""ear_right"", ""head"", ""tail_base""]","[""mouse1,mouse2,approach"", ""mouse1,mouse2,sniff"", ""mouse1,mouse2,sniffgenital"", ""mouse1,self,climb"", ""mouse1,self,dig"", ""mouse1,self,rear"", ""mouse1,self,selfgroom"", ""mouse2,mouse1,approach"", ""mouse2,mouse1,escape"", ""mouse2,mouse1,sniff"", ""mouse2,mouse1,sniffgenital"", ""mouse2,self,dig"", ""mouse2,self,rear"", ""mouse2,self,rest"", ""mouse2,self,run"", ""mouse2,self,selfgroom""]",SLEAP,"['climb', 'sniffgenital', 'approach', 'sniff', 'selfgroom', 'escape', 'rear', 'rest', 'dig', 'run']",0.2653853875194392
GroovyShrew,1057262087,C57Bl/6J,black,male,18.0,,cabled device,C57Bl/6J,black,female,2.0,,cabled device,,,,,,,,,,,,,30.0,719.0,11.1,515,310,33.0,19.0,rectangular,neutral,"[""ear_left"", ""ear_right"", ""head"", ""tail_base""]","[""mouse1,mouse2,approach"", ""mouse1,mouse2,attemptmount"", ""mouse1,mouse2,escape"", ""mouse1,mouse2,intromit"", ""mouse1,mouse2,mount"", ""mouse1,mouse2,sniff"", ""mouse1,mouse2,sniffgenital"", ""mouse1,self,dig"", ""mouse1,self,rear"", ""mouse1,self,rest"", ""mouse1,self,run"", ""mouse1,self,selfgroom"", ""mouse2,mouse1,approach"", ""mouse2,mouse1,escape"", ""mouse2,mouse1,sniff"", ""mouse2,mouse1,sniffgenital"", ""mouse2,self,dig"", ""mouse2,self,rear"", ""mouse2,self,rest"", ""mouse2,self,selfgroom""]",SLEAP,"['sniffgenital', 'approach', 'sniff', 'escape', 'selfgroom', 'rear', 'rest', 'dig', 'run', 'intromit', 'attemptmount', 'mount']",0.2544794913491201
GroovyShrew,1239537257,C57Bl/6J,black,male,19.0,,wireless device,C57Bl/6J,black,female,12.0,,wireless device,,,,,,,,,,,,,30.0,752.0,11.1,533,300,33.0,19.0,rectangular,neutral,"[""ear_left"", ""ear_right"", ""head"", ""tail_base""]","[""mouse1,mouse2,approach"", ""mouse1,mouse2,defend"", ""mouse1,mouse2,escape"", ""mouse1,mouse2,intromit"", ""mouse1,mouse2,mount"", ""mouse1,mouse2,sniff"", ""mouse1,mouse2,sniffgenital"", ""mouse1,self,dig"", ""mouse1,self,rear"", ""mouse1,self,rest"", ""mouse1,self,run"", ""mouse1,self,selfgroom"", ""mouse2,mouse1,approach"", ""mouse2,mouse1,defend"", ""mouse2,mouse1,escape"", ""mouse2,mouse1,sniff"", ""mouse2,self,rear"", ""mouse2,self,rest"", ""mouse2,self,run"", ""mouse2,self,selfgroom""]",SLEAP,"['sniffgenital', 'approach', 'sniff', 'escape', 'selfgroom', 'rear', 'rest', 'dig', 'run', 'intromit', 'mount', 'defend']",0.24990073696743642
GroovyShrew,1582689575,C57Bl/6J,black,female,7.0,,wireless device,C57Bl/6J,black,female,4.0,,wireless device,,,,,,,,,,,,,30.0,747.4,11.1,536,311,33.0,19.0,rectangular,neutral,"[""ear_left"", ""ear_right"", ""head"", ""tail_base""]","[""mouse1,mouse2,approach"", ""mouse1,mouse2,defend"", ""mouse1,mouse2,escape"", ""mouse1,mouse2,sniff"", ""mouse1,self,dig"", ""mouse1,self,rear"", ""mouse1,self,rest"", ""mouse1,self,run"", ""mouse1,self,selfgroom"", ""mouse2,mouse1,approach"", ""mouse2,mouse1,escape"", ""mouse2,mouse1,sniff"", ""mouse2,mouse1,sniffgenital"", ""mouse2,self,dig"", ""mouse2,self,rear"", ""mouse2,self,rest"", ""mouse2,self,run"", ""mouse2,self,selfgroom""]",SLEAP,"['sniffgenital', 'approach', 'sniff', 'escape', 'selfgroom', 'rear', 'rest', 'dig', 'run', 'defend']",0.23699711102891197
GroovyShrew,2101706406,C57Bl/6J,black,female,7.0,,wireless device,C57Bl/6J,black,female,5.0,,wireless device,,,,,,,,,,,,,30.0,749.6,11.1,545,314,33.0,19.0,rectangular,neutral,"[""ear_left"", ""ear_right"", ""head"", ""tail_base""]","[""mouse1,mouse2,approach"", ""mouse1,mouse2,defend"", ""mouse1,mouse2,escape"", ""mouse1,mouse2,sniff"", ""mouse1,self,dig"", ""mouse1,self,rear"", ""mouse1,self,rest"", ""mouse1,self,run"", ""mouse1,self,selfgroom"", ""mouse2,mouse1,approach"", ""mouse2,mouse1,escape"", ""mouse2,mouse1,sniff"", ""mouse2,self,dig"", ""mouse2,self,rear"", ""mouse2,self,rest"", ""mouse2,self,run"", ""mouse2,self,selfgroom""]",SLEAP,"['approach', 'sniff', 'escape', 'selfgroom', 'rear', 'rest', 'dig', 'run', 'defend']",0.23466066243624012
UppityFerret,532567355,C57Bl/6N,black,male,10.0,8 weeks,csds,CD1,white,male,,4-6 weeks,,,,,,,,,,,,,,24.98,600.2,12.5,592,576,38.0,38.0,circular,neutral,"[""body_center"", ""ear_left"", ""ear_right"", ""hip_left"", ""hip_right"", ""lateral_left"", ""lateral_right"", ""nose"", ""spine_1"", ""spine_2"", ""tail_base"", ""tail_middle_1"", ""tail_middle_2"", ""tail_tip""]","[""mouse1,mouse2,reciprocalsniff"", ""mouse1,mouse2,sniff"", ""mouse1,mouse2,sniffgenital"", ""mouse1,self,huddle"", ""mouse2,mouse1,reciprocalsniff"", ""mouse2,mouse1,sniffgenital"", ""mouse2,self,rear"", ""mouse2,self,selfgroom""]",DeepLabCut,"['reciprocalsniff', 'sniffgenital', 'sniff', 'selfgroom', 'rear', 'huddle']",0.15848024424710971
UppityFerret,50183736,C57Bl/6N,black,male,1.0,8 weeks,,CD1,white,male,,4-6 weeks,,,,,,,,,,,,,,24.99,600.2,12.8,608,576,38.0,38.0,circular,neutral,"[""body_center"", ""ear_left"", ""ear_right"", ""hip_left"", ""hip_right"", ""lateral_left"", ""lateral_right"", ""nose"", ""spine_1"", ""spine_2"", ""tail_base"", ""tail_middle_1"", ""tail_middle_2"", ""tail_tip""]","[""mouse1,mouse2,reciprocalsniff"", ""mouse1,mouse2,sniff"", ""mouse1,mouse2,sniffgenital"", ""mouse1,self,huddle"", ""mouse2,mouse1,reciprocalsniff"", ""mouse2,mouse1,sniffgenital"", ""mouse2,self,rear""]",DeepLabCut,"['reciprocalsniff', 'sniffgenital', 'sniff', 'rear', 'huddle']",0.149784592148811
UppityFerret,1610683375,C57Bl/6N,black,male,8.0,8 weeks,csds,CD1,white,male,,4-6 weeks,,,,,,,,,,,,,,25.0,600.1,13.0,664,572,38.0,38.0,circular,neutral,"[""body_center"", ""ear_left"", ""ear_right"", ""hip_left"", ""hip_right"", ""lateral_left"", ""lateral_right"", ""nose"", ""spine_1"", ""spine_2"", ""tail_base"", ""tail_middle_1"", ""tail_middle_2"", ""tail_tip""]","[""mouse1,mouse2,reciprocalsniff"", ""mouse1,mouse2,sniff"", ""mouse1,mouse2,sniffgenital"", ""mouse1,self,huddle"", ""mouse2,mouse1,reciprocalsniff"", ""mouse2,mouse1,sniffgenital"", ""mouse2,self,rear""]",DeepLabCut,"['reciprocalsniff', 'sniffgenital', 'sniff', 'rear', 'huddle']",0.149784592148811
UppityFerret,602691466,C57Bl/6N,black,male,9.0,8 weeks,csds,CD1,white,male,,4-6 weeks,,,,,,,,,,,,,,24.99,600.2,12.8,608,576,38.0,38.0,circular,neutral,"[""body_center"", ""ear_left"", ""ear_right"", ""hip_left"", ""hip_right"", ""lateral_left"", ""lateral_right"", ""nose"", ""spine_1"", ""spine_2"", ""tail_base"", ""tail_middle_1"", ""tail_middle_2"", ""tail_tip""]","[""mouse1,mouse2,reciprocalsniff"", ""mouse1,mouse2,sniff"", ""mouse1,mouse2,sniffgenital"", ""mouse1,self,huddle"", ""mouse2,mouse1,reciprocalsniff"", ""mouse2,mouse1,sniffgenital"", ""mouse2,self,rear""]",DeepLabCut,"['reciprocalsniff', 'sniffgenital', 'sniff', 'rear', 'huddle']",0.149784592148811
UppityFerret,403002745,C57Bl/6N,black,male,6.0,8 weeks,,CD1,white,male,,4-6 weeks,,,,,,,,,,,,,,24.98,600.3,13.0,664,572,38.0,38.0,circular,neutral,"[""body_center"", ""ear_left"", ""ear_right"", ""hip_left"", ""hip_right"", ""lateral_left"", ""lateral_right"", ""nose"", ""spine_1"", ""spine_2"", ""tail_base"", ""tail_middle_1"", ""tail_middle_2"", ""tail_tip""]","[""mouse1,mouse2,reciprocalsniff"", ""mouse1,mouse2,sniff"", ""mouse1,mouse2,sniffgenital"", ""mouse1,self,huddle"", ""mouse2,mouse1,reciprocalsniff"", ""mouse2,mouse1,sniffgenital"", ""mouse2,self,rear""]",DeepLabCut,"['reciprocalsniff', 'sniffgenital', 'sniff', 'rear', 'huddle']",0.149784592148811
UppityFerret,414099215,C57Bl/6N,black,male,4.0,8 weeks,csds,CD1,white,male,,4-6 weeks,,,,,,,,,,,,,,24.98,600.2,12.5,624,572,38.0,38.0,circular,neutral,"[""body_center"", ""ear_left"", ""ear_right"", ""hip_left"", ""hip_right"", ""lateral_left"", ""lateral_right"", ""nose"", ""spine_1"", ""spine_2"", ""tail_base"", ""tail_middle_1"", ""tail_middle_2"", ""tail_tip""]","[""mouse1,mouse2,reciprocalsniff"", ""mouse1,mouse2,sniff"", ""mouse1,mouse2,sniffgenital"", ""mouse1,self,huddle"", ""mouse2,mouse1,reciprocalsniff"", ""mouse2,mouse1,sniffgenital"", ""mouse2,self,rear""]",DeepLabCut,"['reciprocalsniff', 'sniffgenital', 'sniff', 'rear', 'huddle']",0.149784592148811
UppityFerret,1960237444,C57Bl/6N,black,male,14.0,8 weeks,csds,CD1,white,male,,4-6 weeks,,,,,,,,,,,,,,24.99,600.2,12.5,592,576,38.0,38.0,circular,neutral,"[""body_center"", ""ear_left"", ""ear_right"", ""hip_left"", ""hip_right"", ""lateral_left"", ""lateral_right"", ""nose"", ""spine_1"", ""spine_2"", ""tail_base"", ""tail_middle_1"", ""tail_middle_2"", ""tail_tip""]","[""mouse1,mouse2,reciprocalsniff"", ""mouse1,mouse2,sniff"", ""mouse1,mouse2,sniffgenital"", ""mouse1,self,huddle"", ""mouse2,mouse1,reciprocalsniff"", ""mouse2,mouse1,sniffgenital"", ""mouse2,self,rear""]",DeepLabCut,"['reciprocalsniff', 'sniffgenital', 'sniff', 'rear', 'huddle']",0.149784592148811
UppityFerret,2045808129,C57Bl/6N,black,male,12.0,8 weeks,csds,CD1,white,male,,4-6 weeks,,,,,,,,,,,,,,24.99,600.2,12.5,624,572,38.0,38.0,circular,neutral,"[""body_center"", ""ear_left"", ""ear_right"", ""hip_left"", ""hip_right"", ""lateral_left"", ""lateral_right"", ""nose"", ""spine_1"", ""spine_2"", ""tail_base"", ""tail_middle_1"", ""tail_middle_2"", ""tail_tip""]","[""mouse1,mouse2,reciprocalsniff"", ""mouse1,mouse2,sniff"", ""mouse1,mouse2,sniffgenital"", ""mouse1,self,huddle"", ""mouse2,mouse1,reciprocalsniff"", ""mouse2,mouse1,sniffgenital"", ""mouse2,self,rear""]",DeepLabCut,"['reciprocalsniff', 'sniffgenital', 'sniff', 'rear', 'huddle']",0.149784592148811
LyricalHare,1023347338,C57Bl/6J x Ai148,black,male,12.0,8-26 weeks,,CFW,white,male,,8-57 weeks,,,,,,,,,,,,,,120.0,305.7,10.9,560,680,30.8,22.2,rectangular,neutral,"[""ear_left"", ""ear_right"", ""nose"", ""tail_base"", ""tail_tip""]","[""mouse1,mouse2,sniff"", ""mouse2,mouse1,defend"", ""mouse2,self,freeze"", ""mouse2,self,rear""]",DeepLabCut,"['sniff', 'freeze', 'defend', 'rear']",0.13926188318641655
LyricalHare,1117939052,C57Bl/6J x Ai148,black,male,5.0,8-26 weeks,,CFW,white,male,,8-57 weeks,,,,,,,,,,,,,,120.0,306.4,10.9,560,680,30.8,22.2,rectangular,neutral,"[""ear_left"", ""ear_right"", ""nose"", ""tail_base"", ""tail_tip""]","[""mouse1,mouse2,sniff"", ""mouse2,mouse1,defend"", ""mouse2,self,freeze"", ""mouse2,self,rear""]",DeepLabCut,"['sniff', 'freeze', 'defend', 'rear']",0.13926188318641655
LyricalHare,1300539709,C57Bl/6J x Ai148,black,male,13.0,8-26 weeks,,CFW,white,male,,8-57 weeks,,,,,,,,,,,,,,120.0,301.2,10.9,560,680,30.8,22.2,rectangular,neutral,"[""ear_left"", ""ear_right"", ""nose"", ""tail_base"", ""tail_tip""]","[""mouse1,mouse2,sniff"", ""mouse2,mouse1,defend"", ""mouse2,self,freeze"", ""mouse2,self,rear""]",DeepLabCut,"['sniff', 'freeze', 'defend', 'rear']",0.13926188318641655
LyricalHare,2054411054,C57Bl/6J x Ai148,black,male,15.0,8-26 weeks,,CFW,white,male,,8-57 weeks,,,,,,,,,,,,,,120.0,306.3,10.9,560,680,30.8,22.2,rectangular,neutral,"[""ear_left"", ""ear_right"", ""nose"", ""tail_base"", ""tail_tip""]","[""mouse1,mouse2,sniff"", ""mouse2,mouse1,defend"", ""mouse2,self,freeze"", ""mouse2,self,rear""]",DeepLabCut,"['sniff', 'freeze', 'defend', 'rear']",0.13926188318641655
LyricalHare,200061326,C57Bl/6J x Ai148,black,male,6.0,8-26 weeks,,CFW,white,male,,8-57 weeks,,,,,,,,,,,,,,120.0,301.5,10.9,560,680,30.8,22.2,rectangular,neutral,"[""ear_left"", ""ear_right"", ""nose"", ""tail_base"", ""tail_tip""]","[""mouse1,mouse2,sniff"", ""mouse2,mouse1,defend"", ""mouse2,self,freeze"", ""mouse2,self,rear""]",DeepLabCut,"['sniff', 'freeze', 'defend', 'rear']",0.13926188318641655
LyricalHare,1254387004,C57Bl/6J x Ai148,black,male,9.0,8-26 weeks,,CFW,white,male,,8-57 weeks,,,,,,,,,,,,,,120.02,304.1,10.9,560,680,30.8,22.2,rectangular,neutral,"[""ear_left"", ""ear_right"", ""nose"", ""tail_base"", ""tail_tip""]","[""mouse2,mouse1,defend"", ""mouse2,self,freeze"", ""mouse2,self,rear""]",DeepLabCut,"['freeze', 'defend', 'rear']",0.1376411376460936
LyricalHare,577720259,C57Bl/6J x Ai148,black,male,7.0,8-26 weeks,,CFW,white,male,,8-57 weeks,,,,,,,,,,,,,,120.0,315.5,10.9,560,680,30.8,22.2,rectangular,neutral,"[""ear_left"", ""ear_right"", ""nose"", ""tail_base"", ""tail_tip""]","[""mouse2,mouse1,defend"", ""mouse2,self,freeze""]",DeepLabCut,"['freeze', 'defend']",0.13034186762638023
BoisterousParrot,1184291605,C57Bl/6N,black,female,1.0,7-14 weeks,,C57Bl/6N,black,female,7.0,7-14 weeks,dam,,,,,,,,,,,,,30.0,19800.7,5.5,300,300,45.0,45.0,square,neutral,"[""body_center"", ""ear_left"", ""ear_right"", ""nose"", ""tail_base""]","[""mouse1,mouse2,shepherd"", ""mouse2,mouse1,shepherd""]",DeepLabCut,['shepherd'],0.12499998437500197
BoisterousParrot,1059582964,C57Bl/6N,black,female,3.0,7-14 weeks,,C57Bl/6N,black,female,9.0,7-14 weeks,dam,,,,,,,,,,,,,30.0,19800.9,5.5,300,300,45.0,45.0,square,neutral,"[""body_center"", ""ear_left"", ""ear_right"", ""nose"", ""tail_base""]","[""mouse1,mouse2,shepherd"", ""mouse2,mouse1,shepherd""]",DeepLabCut,['shepherd'],0.12499998437500197
BoisterousParrot,402963089,C57Bl/6N,black,female,6.0,7-14 weeks,,C57Bl/6N,black,female,12.0,7-14 weeks,dam,,,,,,,,,,,,,30.0,19800.9,5.5,300,300,45.0,45.0,square,neutral,"[""body_center"", ""ear_left"", ""ear_right"", ""nose"", ""tail_base""]","[""mouse1,mouse2,shepherd"", ""mouse2,mouse1,shepherd""]",DeepLabCut,['shepherd'],0.12499998437500197
BoisterousParrot,1985626297,C57Bl/6N,black,female,4.0,7-14 weeks,,C57Bl/6N,black,female,10.0,7-14 weeks,dam,,,,,,,,,,,,,30.0,19800.9,5.5,300,300,45.0,45.0,square,neutral,"[""body_center"", ""ear_left"", ""ear_right"", ""nose"", ""tail_base""]","[""mouse1,mouse2,shepherd"", ""mouse2,mouse1,shepherd""]",DeepLabCut,['shepherd'],0.12499998437500197
BoisterousParrot,613246188,C57Bl/6N,black,female,6.0,7-14 weeks,,C57Bl/6N,black,female,12.0,7-14 weeks,dam,,,,,,,,,,,,,30.0,19800.8,5.5,300,300,45.0,45.0,square,neutral,"[""body_center"", ""ear_left"", ""ear_right"", ""nose"", ""tail_base""]","[""mouse1,mouse2,shepherd"", ""mouse2,mouse1,shepherd""]",DeepLabCut,['shepherd'],0.12499998437500197
BoisterousParrot,1201849558,C57Bl/6N,black,female,4.0,7-14 weeks,,C57Bl/6N,black,female,10.0,7-14 weeks,dam,,,,,,,,,,,,,30.0,19800.7,5.5,300,300,45.0,45.0,square,neutral,"[""body_center"", ""ear_left"", ""ear_right"", ""nose"", ""tail_base""]","[""mouse1,mouse2,shepherd"", ""mouse2,mouse1,shepherd""]",DeepLabCut,['shepherd'],0.12499998437500197
CalMS21_task1,987747695,C57Bl/6J,black,male,21.0,,cabled device,BALB/c,white,female,,,,,,,,,,,,,,,,30.0,458.1,18.33,1024,570,35.0,15.0,rectangular,resident-intruder,"[""ear_left"", ""ear_right"", ""hip_left"", ""hip_right"", ""neck"", ""nose"", ""tail_base""]","[""mouse1,mouse2,approach"", ""mouse1,mouse2,intromit"", ""mouse1,mouse2,mount"", ""mouse1,mouse2,sniffbody"", ""mouse1,mouse2,sniffface"", ""mouse1,mouse2,sniffgenital"", ""mouse1,self,genitalgroom""]",MARS,"['sniffgenital', 'approach', 'genitalgroom', 'intromit', 'sniffface', 'sniffbody', 'mount']",0.09809558681407862
CalMS21_task1,1860623663,C57Bl/6J,black,male,6.0,,cabled device,BALB/c,white,female,,,,,,,,,,,,,,,,30.0,110.2,18.33,1024,570,35.0,15.0,rectangular,resident-intruder,"[""ear_left"", ""ear_right"", ""hip_left"", ""hip_right"", ""neck"", ""nose"", ""tail_base""]","[""mouse1,mouse2,approach"", ""mouse1,mouse2,intromit"", ""mouse1,mouse2,mount"", ""mouse1,mouse2,sniffbody"", ""mouse1,mouse2,sniffface"", ""mouse1,mouse2,sniffgenital"", ""mouse1,self,genitalgroom""]",MARS,"['sniffgenital', 'approach', 'genitalgroom', 'intromit', 'sniffface', 'sniffbody', 'mount']",0.09809558681407862
CalMS21_task1,1380404564,C57Bl/6J,black,male,6.0,,cabled device,BALB/c,white,female,,,,,,,,,,,,,,,,30.0,130.8,18.33,1024,570,35.0,15.0,rectangular,resident-intruder,"[""ear_left"", ""ear_right"", ""hip_left"", ""hip_right"", ""neck"", ""nose"", ""tail_base""]","[""mouse1,mouse2,approach"", ""mouse1,mouse2,intromit"", ""mouse1,mouse2,mount"", ""mouse1,mouse2,sniffbody"", ""mouse1,mouse2,sniffface"", ""mouse1,mouse2,sniffgenital"", ""mouse1,self,genitalgroom""]",MARS,"['sniffgenital', 'approach', 'genitalgroom', 'intromit', 'sniffface', 'sniffbody', 'mount']",0.09809558681407862
InvincibleJellyfish,1792494407,C57Bl/6J,black,male,33.0,8-12 weeks,mated,BALB/c,white,male,,8-12 weeks,,,,,,,,,,,,,,30.0,570.6,32.0,1280,960,28.0,18.0,rectangular,resident-intruder,"[""ear_left"", ""ear_right"", ""hip_left"", ""hip_right"", ""neck"", ""nose"", ""tail_base""]","[""mouse1,mouse2,allogroom"", ""mouse1,mouse2,attack"", ""mouse1,mouse2,dominancegroom"", ""mouse1,mouse2,escape"", ""mouse1,mouse2,sniff"", ""mouse1,mouse2,sniffgenital"", ""mouse1,self,dig"", ""mouse1,self,selfgroom"", ""mouse2,mouse1,sniffgenital""]",MARS,"['sniffgenital', 'sniff', 'attack', 'escape', 'selfgroom', 'allogroom', 'dig', 'dominancegroom']",0.09515959815028577
InvincibleJellyfish,1739671883,C57Bl/6J,black,male,27.0,8-12 weeks,stress,BALB/c,white,male,,8-12 weeks,,,,,,,,,,,,,,30.0,571.4,32.0,1280,960,28.0,18.0,rectangular,resident-intruder,"[""ear_left"", ""ear_right"", ""hip_left"", ""hip_right"", ""neck"", ""nose"", ""tail_base""]","[""mouse1,mouse2,allogroom"", ""mouse1,mouse2,attack"", ""mouse1,mouse2,dominancegroom"", ""mouse1,mouse2,escape"", ""mouse1,mouse2,sniff"", ""mouse1,mouse2,sniffgenital"", ""mouse1,self,dig"", ""mouse1,self,selfgroom"", ""mouse2,mouse1,sniffgenital""]",MARS,"['sniffgenital', 'sniff', 'attack', 'escape', 'selfgroom', 'allogroom', 'dig', 'dominancegroom']",0.09515959815028577
InvincibleJellyfish,415753207,C57Bl/6J,black,male,32.0,8-12 weeks,social isolation,BALB/c,white,male,,8-12 weeks,,,,,,,,,,,,,,30.0,570.6,32.0,1280,960,28.0,18.0,rectangular,resident-intruder,"[""ear_left"", ""ear_right"", ""hip_left"", ""hip_right"", ""neck"", ""nose"", ""tail_base""]","[""mouse1,mouse2,allogroom"", ""mouse1,mouse2,attack"", ""mouse1,mouse2,dominancegroom"", ""mouse1,mouse2,escape"", ""mouse1,mouse2,sniff"", ""mouse1,mouse2,sniffgenital"", ""mouse1,self,dig"", ""mouse1,self,selfgroom"", ""mouse2,mouse1,sniffgenital""]",MARS,"['sniffgenital', 'sniff', 'attack', 'escape', 'selfgroom', 'allogroom', 'dig', 'dominancegroom']",0.09515959815028577
InvincibleJellyfish,648966646,C57Bl/6J,black,male,9.0,8-12 weeks,stress,BALB/c,white,male,,8-12 weeks,,,,,,,,,,,,,,30.0,569.9,32.0,1024,768,28.0,18.0,rectangular,resident-intruder,"[""ear_left"", ""ear_right"", ""hip_left"", ""hip_right"", ""neck"", ""nose"", ""tail_base""]","[""mouse1,mouse2,allogroom"", ""mouse1,mouse2,attack"", ""mouse1,mouse2,dominancegroom"", ""mouse1,mouse2,escape"", ""mouse1,mouse2,sniff"", ""mouse1,mouse2,sniffgenital"", ""mouse1,self,dig"", ""mouse1,self,selfgroom"", ""mouse2,mouse1,sniffgenital""]",MARS,"['sniffgenital', 'sniff', 'attack', 'escape', 'selfgroom', 'allogroom', 'dig', 'dominancegroom']",0.09515959815028577
InvincibleJellyfish,1737795006,C57Bl/6J,black,male,11.0,8-12 weeks,social isolation,BALB/c,white,male,,8-12 weeks,,,,,,,,,,,,,,30.0,570.1,32.0,1024,768,28.0,18.0,rectangular,resident-intruder,"[""ear_left"", ""ear_right"", ""hip_left"", ""hip_right"", ""neck"", ""nose"", ""tail_base""]","[""mouse1,mouse2,allogroom"", ""mouse1,mouse2,attack"", ""mouse1,mouse2,dominancegroom"", ""mouse1,mouse2,escape"", ""mouse1,mouse2,sniff"", ""mouse1,mouse2,sniffgenital"", ""mouse1,self,dig"", ""mouse1,self,selfgroom"", ""mouse2,mouse1,sniffgenital""]",MARS,"['sniffgenital', 'sniff', 'attack', 'escape', 'selfgroom', 'allogroom', 'dig', 'dominancegroom']",0.09515959815028577
InvincibleJellyfish,1700300193,C57Bl/6J,black,male,22.0,8-12 weeks,mated,BALB/c,white,male,,8-12 weeks,,,,,,,,,,,,,,30.0,570.4,32.0,1024,768,28.0,18.0,rectangular,resident-intruder,"[""ear_left"", ""ear_right"", ""hip_left"", ""hip_right"", ""neck"", ""nose"", ""tail_base""]","[""mouse1,mouse2,allogroom"", ""mouse1,mouse2,attack"", ""mouse1,mouse2,dominancegroom"", ""mouse1,mouse2,escape"", ""mouse1,mouse2,sniff"", ""mouse1,mouse2,sniffgenital"", ""mouse1,self,dig"", ""mouse1,self,selfgroom"", ""mouse2,mouse1,sniffgenital""]",MARS,"['sniffgenital', 'sniff', 'attack', 'escape', 'selfgroom', 'allogroom', 'dig', 'dominancegroom']",0.09515959815028577
InvincibleJellyfish,764405255,C57Bl/6J,black,male,15.0,8-12 weeks,stress,BALB/c,white,male,,8-12 weeks,,,,,,,,,,,,,,30.0,586.4,32.0,1024,768,28.0,18.0,rectangular,resident-intruder,"[""ear_left"", ""ear_right"", ""hip_left"", ""hip_right"", ""neck"", ""nose"", ""tail_base""]","[""mouse1,mouse2,allogroom"", ""mouse1,mouse2,attack"", ""mouse1,mouse2,dominancegroom"", ""mouse1,mouse2,escape"", ""mouse1,mouse2,sniff"", ""mouse1,mouse2,sniffgenital"", ""mouse1,self,dig"", ""mouse1,self,selfgroom"", ""mouse2,mouse1,sniffgenital""]",MARS,"['sniffgenital', 'sniff', 'attack', 'escape', 'selfgroom', 'allogroom', 'dig', 'dominancegroom']",0.09515959815028577
InvincibleJellyfish,1106234543,C57Bl/6J,black,male,41.0,8-12 weeks,mated,BALB/c,white,male,,8-12 weeks,,,,,,,,,,,,,,30.0,570.6,32.0,1280,960,28.0,18.0,rectangular,resident-intruder,"[""ear_left"", ""ear_right"", ""hip_left"", ""hip_right"", ""neck"", ""nose"", ""tail_base""]","[""mouse1,mouse2,allogroom"", ""mouse1,mouse2,attack"", ""mouse1,mouse2,dominancegroom"", ""mouse1,mouse2,escape"", ""mouse1,mouse2,sniff"", ""mouse1,mouse2,sniffgenital"", ""mouse1,self,dig"", ""mouse1,self,selfgroom"", ""mouse2,mouse1,sniffgenital""]",MARS,"['sniffgenital', 'sniff', 'attack', 'escape', 'selfgroom', 'allogroom', 'dig', 'dominancegroom']",0.09515959815028577
CalMS21_task1,1311447023,C57Bl/6J,black,male,4.0,,cabled device,BALB/c,white,female,,,,,,,,,,,,,,,,30.0,258.1,18.33,1024,570,35.0,15.0,rectangular,resident-intruder,"[""ear_left"", ""ear_right"", ""hip_left"", ""hip_right"", ""neck"", ""nose"", ""tail_base""]","[""mouse1,mouse2,approach"", ""mouse1,mouse2,mount"", ""mouse1,mouse2,sniffbody"", ""mouse1,mouse2,sniffface"", ""mouse1,mouse2,sniffgenital"", ""mouse1,self,genitalgroom""]",MARS,"['sniffgenital', 'approach', 'genitalgroom', 'sniffface', 'sniffbody', 'mount']",0.08838684904426054
CalMS21_task1,1476380868,C57Bl/6J,black,male,11.0,,cabled device,BALB/c,white,female,,,,,,,,,,,,,,,,30.0,136.7,18.33,1024,570,35.0,15.0,rectangular,resident-intruder,"[""ear_left"", ""ear_right"", ""hip_left"", ""hip_right"", ""neck"", ""nose"", ""tail_base""]","[""mouse1,mouse2,approach"", ""mouse1,mouse2,mount"", ""mouse1,mouse2,sniffbody"", ""mouse1,mouse2,sniffface"", ""mouse1,mouse2,sniffgenital"", ""mouse1,self,genitalgroom""]",MARS,"['sniffgenital', 'approach', 'genitalgroom', 'sniffface', 'sniffbody', 'mount']",0.08838684904426054
CalMS21_task1,962144409,C57Bl/6J,black,male,4.0,,cabled device,BALB/c,white,female,,,,,,,,,,,,,,,,30.0,317.3,18.33,1024,570,35.0,15.0,rectangular,resident-intruder,"[""ear_left"", ""ear_right"", ""hip_left"", ""hip_right"", ""neck"", ""nose"", ""tail_base""]","[""mouse1,mouse2,approach"", ""mouse1,mouse2,mount"", ""mouse1,mouse2,sniffbody"", ""mouse1,mouse2,sniffface"", ""mouse1,mouse2,sniffgenital"", ""mouse1,self,genitalgroom""]",MARS,"['sniffgenital', 'approach', 'genitalgroom', 'sniffface', 'sniffbody', 'mount']",0.08838684904426054
CalMS21_task1,809307360,C57Bl/6J,black,male,21.0,,cabled device,BALB/c,white,female,,,,,,,,,,,,,,,,30.0,269.1,18.33,1024,570,35.0,15.0,rectangular,resident-intruder,"[""ear_left"", ""ear_right"", ""hip_left"", ""hip_right"", ""neck"", ""nose"", ""tail_base""]","[""mouse1,mouse2,approach"", ""mouse1,mouse2,mount"", ""mouse1,mouse2,sniffbody"", ""mouse1,mouse2,sniffface"", ""mouse1,mouse2,sniffgenital"", ""mouse1,self,genitalgroom""]",MARS,"['sniffgenital', 'approach', 'genitalgroom', 'sniffface', 'sniffbody', 'mount']",0.08838684904426054
CalMS21_task1,1283267722,C57Bl/6J,black,male,6.0,,cabled device,BALB/c,white,female,,,,,,,,,,,,,,,,30.0,109.2,18.33,1024,570,35.0,15.0,rectangular,resident-intruder,"[""ear_left"", ""ear_right"", ""hip_left"", ""hip_right"", ""neck"", ""nose"", ""tail_base""]","[""mouse1,mouse2,approach"", ""mouse1,mouse2,mount"", ""mouse1,mouse2,sniffbody"", ""mouse1,mouse2,sniffface"", ""mouse1,mouse2,sniffgenital"", ""mouse1,self,genitalgroom""]",MARS,"['sniffgenital', 'approach', 'genitalgroom', 'sniffface', 'sniffbody', 'mount']",0.08838684904426054
CautiousGiraffe,531143932,C57Bl/6J,black,male,11.0,,,C57Bl/6J,black,female,,,,,,,,,,,,,,,,25.0,600.0,21.0,600,600,30.0,30.0,square,neutral,"[""ear_left"", ""ear_right"", ""hip_left"", ""hip_right"", ""neck"", ""nose"", ""tail_base""]","[""mouse1,mouse2,approach"", ""mouse1,mouse2,chase"", ""mouse1,mouse2,escape"", ""mouse1,mouse2,reciprocalsniff"", ""mouse1,mouse2,sniffbody"", ""mouse1,mouse2,sniffgenital"", ""mouse2,mouse1,reciprocalsniff"", ""mouse2,mouse1,sniff""]",DeepLabCut,"['reciprocalsniff', 'chase', 'sniffgenital', 'approach', 'sniff', 'escape', 'sniffbody']",0.08191906224377607
CautiousGiraffe,1657896715,C57Bl/6J,black,male,13.0,,,C57Bl/6J,black,female,,,,,,,,,,,,,,,,25.0,600.0,21.0,600,600,30.0,30.0,square,neutral,"[""ear_left"", ""ear_right"", ""hip_left"", ""hip_right"", ""neck"", ""nose"", ""tail_base""]","[""mouse1,mouse2,approach"", ""mouse1,mouse2,chase"", ""mouse1,mouse2,escape"", ""mouse1,mouse2,reciprocalsniff"", ""mouse1,mouse2,sniffbody"", ""mouse1,mouse2,sniffgenital"", ""mouse2,mouse1,reciprocalsniff"", ""mouse2,mouse1,sniff""]",DeepLabCut,"['reciprocalsniff', 'chase', 'sniffgenital', 'approach', 'sniff', 'escape', 'sniffbody']",0.08191906224377607
CautiousGiraffe,1539773935,C57Bl/6J,black,female,5.0,,,C57Bl/6J,black,male,,,,,,,,,,,,,,,,25.0,600.0,21.0,600,600,30.0,30.0,square,neutral,"[""ear_left"", ""ear_right"", ""hip_left"", ""hip_right"", ""neck"", ""nose"", ""tail_base""]","[""mouse1,mouse2,approach"", ""mouse1,mouse2,chase"", ""mouse1,mouse2,escape"", ""mouse1,mouse2,reciprocalsniff"", ""mouse1,mouse2,sniffbody"", ""mouse1,mouse2,sniffgenital"", ""mouse2,mouse1,reciprocalsniff"", ""mouse2,mouse1,sniff""]",DeepLabCut,"['reciprocalsniff', 'chase', 'sniffgenital', 'approach', 'sniff', 'escape', 'sniffbody']",0.08191906224377607
CautiousGiraffe,1341883680,C57Bl/6J,black,female,5.0,,,C57Bl/6J,black,female,,,,,,,,,,,,,,,,25.0,600.0,21.0,600,600,30.0,30.0,square,neutral,"[""ear_left"", ""ear_right"", ""hip_left"", ""hip_right"", ""neck"", ""nose"", ""tail_base""]","[""mouse1,mouse2,approach"", ""mouse1,mouse2,chase"", ""mouse1,mouse2,escape"", ""mouse1,mouse2,reciprocalsniff"", ""mouse1,mouse2,sniffbody"", ""mouse1,mouse2,sniffgenital"", ""mouse2,mouse1,reciprocalsniff"", ""mouse2,mouse1,sniff""]",DeepLabCut,"['reciprocalsniff', 'chase', 'sniffgenital', 'approach', 'sniff', 'escape', 'sniffbody']",0.08191906224377607
CautiousGiraffe,956938805,C57Bl/6J,black,male,10.0,,,C57Bl/6J,black,female,,,,,,,,,,,,,,,,25.0,600.0,21.0,600,600,30.0,30.0,square,neutral,"[""ear_left"", ""ear_right"", ""hip_left"", ""hip_right"", ""neck"", ""nose"", ""tail_base""]","[""mouse1,mouse2,approach"", ""mouse1,mouse2,chase"", ""mouse1,mouse2,escape"", ""mouse1,mouse2,reciprocalsniff"", ""mouse1,mouse2,sniffbody"", ""mouse1,mouse2,sniffgenital"", ""mouse2,mouse1,reciprocalsniff"", ""mouse2,mouse1,sniff""]",DeepLabCut,"['reciprocalsniff', 'chase', 'sniffgenital', 'approach', 'sniff', 'escape', 'sniffbody']",0.08191906224377607
CautiousGiraffe,684541933,C57Bl/6J,black,female,4.0,,,C57Bl/6J,black,female,,,,,,,,,,,,,,,,25.0,600.0,21.0,600,600,30.0,30.0,square,neutral,"[""ear_left"", ""ear_right"", ""hip_left"", ""hip_right"", ""neck"", ""nose"", ""tail_base""]","[""mouse1,mouse2,approach"", ""mouse1,mouse2,chase"", ""mouse1,mouse2,escape"", ""mouse1,mouse2,reciprocalsniff"", ""mouse1,mouse2,sniffbody"", ""mouse1,mouse2,sniffgenital"", ""mouse2,mouse1,reciprocalsniff"", ""mouse2,mouse1,sniff""]",DeepLabCut,"['reciprocalsniff', 'chase', 'sniffgenital', 'approach', 'sniff', 'escape', 'sniffbody']",0.08191906224377607
CautiousGiraffe,673614042,C57Bl/6J,black,female,4.0,,,C57Bl/6J,black,male,,,,,,,,,,,,,,,,25.0,600.0,21.0,600,600,30.0,30.0,square,neutral,"[""ear_left"", ""ear_right"", ""hip_left"", ""hip_right"", ""neck"", ""nose"", ""tail_base""]","[""mouse1,mouse2,approach"", ""mouse1,mouse2,chase"", ""mouse1,mouse2,escape"", ""mouse1,mouse2,reciprocalsniff"", ""mouse1,mouse2,sniffbody"", ""mouse1,mouse2,sniffgenital"", ""mouse2,mouse1,reciprocalsniff"", ""mouse2,mouse1,sniff""]",DeepLabCut,"['reciprocalsniff', 'chase', 'sniffgenital', 'approach', 'sniff', 'escape', 'sniffbody']",0.08191906224377607
CautiousGiraffe,1729143180,C57Bl/6J,black,male,14.0,,,C57Bl/6J,black,female,,,,,,,,,,,,,,,,25.0,600.0,21.0,600,600,30.0,30.0,square,neutral,"[""ear_left"", ""ear_right"", ""hip_left"", ""hip_right"", ""neck"", ""nose"", ""tail_base""]","[""mouse1,mouse2,approach"", ""mouse1,mouse2,chase"", ""mouse1,mouse2,escape"", ""mouse1,mouse2,reciprocalsniff"", ""mouse1,mouse2,sniffbody"", ""mouse1,mouse2,sniffgenital"", ""mouse2,mouse1,reciprocalsniff"", ""mouse2,mouse1,sniff""]",DeepLabCut,"['reciprocalsniff', 'chase', 'sniffgenital', 'approach', 'sniff', 'escape', 'sniffbody']",0.08191906224377607
ReflectiveManatee,1728439177,C57Bl/6J,black,male,5.0,,,BALB/c,white,male,,,,,,,,,,,,,,,,25.0,598.8,15.0,656,492,35.0,20.0,rectangular,resident-intruder,"[""body_center"", ""ear_left"", ""ear_right"", ""lateral_left"", ""lateral_right"", ""nose"", ""tail_base""]","[""'mouse1','mouse2','sniff'"", ""mouse1','mouse2','attack'"", ""mouse1,mouse2,attack"", ""mouse1,mouse2,sniff""]",DeepLabCut,"['sniff', ""'sniff'"", 'attack', ""'attack'""]",0.08080626293861548
ReflectiveManatee,2115562740,C57Bl/6J,black,male,15.0,,,BALB/c,white,male,,,,,,,,,,,,,,,,25.0,603.0,15.0,656,492,35.0,20.0,rectangular,resident-intruder,"[""body_center"", ""ear_left"", ""ear_right"", ""lateral_left"", ""lateral_right"", ""nose"", ""tail_base""]","[""'mouse1','mouse2','sniff'"", ""mouse1','mouse2','attack'"", ""mouse1,mouse2,attack"", ""mouse1,mouse2,sniff""]",DeepLabCut,"['sniff', ""'sniff'"", 'attack', ""'attack'""]",0.08080626293861548
ReflectiveManatee,2068280177,C57Bl/6J,black,male,11.0,,,BALB/c,white,male,,,,,,,,,,,,,,,,25.0,602.6,15.0,656,492,35.0,20.0,rectangular,resident-intruder,"[""body_center"", ""ear_left"", ""ear_right"", ""lateral_left"", ""lateral_right"", ""nose"", ""tail_base""]","[""'mouse1','mouse2','sniff'"", ""mouse1','mouse2','attack'"", ""mouse1,mouse2,attack"", ""mouse1,mouse2,sniff""]",DeepLabCut,"['sniff', ""'sniff'"", 'attack', ""'attack'""]",0.08080626293861548
ReflectiveManatee,2040167035,C57Bl/6J,black,male,16.0,,,BALB/c,white,male,,,,,,,,,,,,,,,,25.0,609.5,15.0,656,492,35.0,20.0,rectangular,resident-intruder,"[""body_center"", ""ear_left"", ""ear_right"", ""lateral_left"", ""lateral_right"", ""nose"", ""tail_base""]","[""'mouse1','mouse2','sniff'"", ""mouse1','mouse2','attack'"", ""mouse1,mouse2,attack"", ""mouse1,mouse2,sniff""]",DeepLabCut,"['sniff', ""'sniff'"", 'attack', ""'attack'""]",0.08080626293861548
ReflectiveManatee,2037289010,C57Bl/6J,black,male,10.0,,,BALB/c,white,male,,,,,,,,,,,,,,,,25.0,618.6,15.0,656,492,35.0,20.0,rectangular,resident-intruder,"[""body_center"", ""ear_left"", ""ear_right"", ""lateral_left"", ""lateral_right"", ""nose"", ""tail_base""]","[""'mouse1','mouse2','sniff'"", ""mouse1','mouse2','attack'"", ""mouse1,mouse2,attack"", ""mouse1,mouse2,sniff""]",DeepLabCut,"['sniff', ""'sniff'"", 'attack', ""'attack'""]",0.08080626293861548
ReflectiveManatee,1986679638,C57Bl/6J,black,male,3.0,,,BALB/c,white,male,,,,,,,,,,,,,,,,25.0,600.8,15.0,656,492,35.0,20.0,rectangular,resident-intruder,"[""body_center"", ""ear_left"", ""ear_right"", ""lateral_left"", ""lateral_right"", ""nose"", ""tail_base""]","[""'mouse1','mouse2','sniff'"", ""mouse1','mouse2','attack'"", ""mouse1,mouse2,attack"", ""mouse1,mouse2,sniff""]",DeepLabCut,"['sniff', ""'sniff'"", 'attack', ""'attack'""]",0.08080626293861548
ReflectiveManatee,1977236166,C57Bl/6J,black,male,15.0,,,BALB/c,white,male,,,,,,,,,,,,,,,,25.0,597.4,15.0,656,492,35.0,20.0,rectangular,resident-intruder,"[""body_center"", ""ear_left"", ""ear_right"", ""lateral_left"", ""lateral_right"", ""nose"", ""tail_base""]","[""'mouse1','mouse2','sniff'"", ""mouse1','mouse2','attack'"", ""mouse1,mouse2,attack"", ""mouse1,mouse2,sniff""]",DeepLabCut,"['sniff', ""'sniff'"", 'attack', ""'attack'""]",0.08080626293861548
ReflectiveManatee,1663417188,C57Bl/6J,black,male,6.0,,,BALB/c,white,male,,,,,,,,,,,,,,,,25.0,602.5,15.0,656,492,35.0,20.0,rectangular,resident-intruder,"[""body_center"", ""ear_left"", ""ear_right"", ""lateral_left"", ""lateral_right"", ""nose"", ""tail_base""]","[""'mouse1','mouse2','sniff'"", ""mouse1','mouse2','attack'"", ""mouse1,mouse2,attack"", ""mouse1,mouse2,sniff""]",DeepLabCut,"['sniff', ""'sniff'"", 'attack', ""'attack'""]",0.08080626293861548
CRIM13,1319309143,C57Bl/6J,black,male,4.0,,,BALB/c,white,female,,,,,,,,,,,,,,,,25.0,64.84,14.4,640,480,35.0,15.0,rectangular,resident-intruder,"[""ear_left"", ""ear_right"", ""hip_left"", ""hip_right"", ""neck"", ""nose"", ""tail_base""]","[""mouse1,mouse2,approach"", ""mouse1,mouse2,attack"", ""mouse1,mouse2,disengage"", ""mouse1,mouse2,mount"", ""mouse1,mouse2,sniff"", ""mouse1,self,rear"", ""mouse1,self,selfgroom""]",MARS,"['approach', 'sniff', 'attack', 'selfgroom', 'rear', 'disengage', 'mount']",0.07875481491037203
CRIM13,1381910096,C57Bl/6J,black,male,2.0,,,BALB/c,white,male,,,,,,,,,,,,,,,,25.0,652.52,14.4,640,480,35.0,15.0,rectangular,resident-intruder,"[""ear_left"", ""ear_right"", ""hip_left"", ""hip_right"", ""neck"", ""nose"", ""tail_base""]","[""mouse1,mouse2,approach"", ""mouse1,mouse2,attack"", ""mouse1,mouse2,disengage"", ""mouse1,mouse2,mount"", ""mouse1,mouse2,sniff"", ""mouse1,self,rear"", ""mouse1,self,selfgroom""]",MARS,"['approach', 'sniff', 'attack', 'selfgroom', 'rear', 'disengage', 'mount']",0.07875481491037203
CRIM13,363958890,C57Bl/6J,black,male,3.0,,,BALB/c,white,male,,,castrated,,,,,,,,,,,,,25.0,404.0,14.4,640,480,35.0,15.0,rectangular,resident-intruder,"[""ear_left"", ""ear_right"", ""hip_left"", ""hip_right"", ""neck"", ""nose"", ""tail_base""]","[""mouse1,mouse2,approach"", ""mouse1,mouse2,attack"", ""mouse1,mouse2,disengage"", ""mouse1,mouse2,mount"", ""mouse1,mouse2,sniff"", ""mouse1,self,rear"", ""mouse1,self,selfgroom""]",MARS,"['approach', 'sniff', 'attack', 'selfgroom', 'rear', 'disengage', 'mount']",0.07875481491037203
CRIM13,2134094751,C57Bl/6J,black,male,3.0,,,BALB/c,white,female,,,ovariectomized,,,,,,,,,,,,,25.0,505.28,14.4,640,480,35.0,15.0,rectangular,resident-intruder,"[""ear_left"", ""ear_right"", ""hip_left"", ""hip_right"", ""neck"", ""nose"", ""tail_base""]","[""mouse1,mouse2,approach"", ""mouse1,mouse2,attack"", ""mouse1,mouse2,disengage"", ""mouse1,mouse2,mount"", ""mouse1,mouse2,sniff"", ""mouse1,self,rear"", ""mouse1,self,selfgroom""]",MARS,"['approach', 'sniff', 'attack', 'selfgroom', 'rear', 'disengage', 'mount']",0.07875481491037203
CRIM13,1976539996,C57Bl/6J,black,male,4.0,,,BALB/c,white,female,,,,,,,,,,,,,,,,25.0,50.48,14.4,640,480,35.0,15.0,rectangular,resident-intruder,"[""ear_left"", ""ear_right"", ""hip_left"", ""hip_right"", ""neck"", ""nose"", ""tail_base""]","[""mouse1,mouse2,approach"", ""mouse1,mouse2,attack"", ""mouse1,mouse2,disengage"", ""mouse1,mouse2,mount"", ""mouse1,mouse2,sniff"", ""mouse1,self,rear"", ""mouse1,self,selfgroom""]",MARS,"['approach', 'sniff', 'attack', 'selfgroom', 'rear', 'disengage', 'mount']",0.07875481491037203
CRIM13,1846302042,C57Bl/6J,black,male,4.0,,,BALB/c,white,female,,,ovariectomized,,,,,,,,,,,,,25.0,418.96,14.4,640,480,35.0,15.0,rectangular,resident-intruder,"[""ear_left"", ""ear_right"", ""hip_left"", ""hip_right"", ""neck"", ""nose"", ""tail_base""]","[""mouse1,mouse2,approach"", ""mouse1,mouse2,attack"", ""mouse1,mouse2,disengage"", ""mouse1,mouse2,mount"", ""mouse1,mouse2,sniff"", ""mouse1,self,rear"", ""mouse1,self,selfgroom""]",MARS,"['approach', 'sniff', 'attack', 'selfgroom', 'rear', 'disengage', 'mount']",0.07875481491037203
CRIM13,1836572955,C57Bl/6J,black,male,1.0,,,BALB/c,white,female,,,,,,,,,,,,,,,,25.0,363.32,14.4,640,480,35.0,15.0,rectangular,resident-intruder,"[""ear_left"", ""ear_right"", ""hip_left"", ""hip_right"", ""neck"", ""nose"", ""tail_base""]","[""mouse1,mouse2,approach"", ""mouse1,mouse2,attack"", ""mouse1,mouse2,disengage"", ""mouse1,mouse2,mount"", ""mouse1,mouse2,sniff"", ""mouse1,self,rear"", ""mouse1,self,selfgroom""]",MARS,"['approach', 'sniff', 'attack', 'selfgroom', 'rear', 'disengage', 'mount']",0.07875481491037203
CRIM13,1763467574,C57Bl/6J,black,male,3.0,,,BALB/c,white,male,,,,,,,,,,,,,,,,25.0,664.84,14.4,640,480,35.0,15.0,rectangular,resident-intruder,"[""ear_left"", ""ear_right"", ""hip_left"", ""hip_right"", ""neck"", ""nose"", ""tail_base""]","[""mouse1,mouse2,approach"", ""mouse1,mouse2,attack"", ""mouse1,mouse2,disengage"", ""mouse1,mouse2,mount"", ""mouse1,mouse2,sniff"", ""mouse1,self,rear"", ""mouse1,self,selfgroom""]",MARS,"['approach', 'sniff', 'attack', 'selfgroom', 'rear', 'disengage', 'mount']",0.07875481491037203
ElegantMink,1504809717,129/SvEvTac,brown,male,1.0,,,C57Bl/6J,black,female,2.0,,hormone primed,,,,,,,,,,,,,30.0,1780.7,18.2,640,480,33.0,22.0,rectangular,resident-intruder,"[""ear_left"", ""ear_right"", ""hip_left"", ""hip_right"", ""neck"", ""nose"", ""tail_base""]","[""mouse1,mouse2,allogroom"", ""mouse1,mouse2,attemptmount"", ""mouse1,mouse2,intromit"", ""mouse1,mouse2,mount"", ""mouse1,mouse2,sniff"", ""mouse1,mouse2,sniffgenital"", ""mouse2,self,rear""]",SLEAP,"['sniffgenital', 'sniff', 'rear', 'allogroom', 'intromit', 'attemptmount', 'mount']",0.07361063831742652
CalMS21_supplemental,501836189,C57Bl/6J,black,male,63.0,,cabled device,BALB/c,white,female,,,,,,,,,,,,,,,,30.0,391.3,18.33,1024,570,35.0,15.0,rectangular,resident-intruder,"[""ear_left"", ""ear_right"", ""hip_left"", ""hip_right"", ""neck"", ""nose"", ""tail_base""]","[""mouse1,mouse2,approach"", ""mouse1,mouse2,attemptmount"", ""mouse1,mouse2,intromit"", ""mouse1,mouse2,mount"", ""mouse1,mouse2,sniffbody"", ""mouse1,mouse2,sniffface"", ""mouse1,mouse2,sniffgenital""]",MARS,"['sniffgenital', 'approach', 'sniffface', 'intromit', 'attemptmount', 'mount', 'sniffbody']",0.06308158410515173
CalMS21_supplemental,906511432,C57Bl/6J,black,male,64.0,,cabled device,BALB/c,white,female,,,,,,,,,,,,,,,,30.0,321.9,18.33,1024,570,35.0,15.0,rectangular,resident-intruder,"[""ear_left"", ""ear_right"", ""hip_left"", ""hip_right"", ""neck"", ""nose"", ""tail_base""]","[""mouse1,mouse2,approach"", ""mouse1,mouse2,attemptmount"", ""mouse1,mouse2,intromit"", ""mouse1,mouse2,mount"", ""mouse1,mouse2,sniffbody"", ""mouse1,mouse2,sniffface"", ""mouse1,mouse2,sniffgenital""]",MARS,"['sniffgenital', 'approach', 'sniffface', 'intromit', 'attemptmount', 'mount', 'sniffbody']",0.06308158410515173
ElegantMink,1567994610,129/SvEvTac,brown,male,19.0,,,C57Bl/6J,black,female,20.0,,hormone primed,,,,,,,,,,,,,30.0,1832.7,18.8,720,480,33.0,16.0,rectangular,resident-intruder,"[""ear_left"", ""ear_right"", ""hip_left"", ""hip_right"", ""neck"", ""nose"", ""tail_base""]","[""mouse1,mouse2,attemptmount"", ""mouse1,mouse2,intromit"", ""mouse1,mouse2,mount"", ""mouse1,mouse2,sniff"", ""mouse1,mouse2,sniffgenital"", ""mouse2,self,rear"", ""mouse2,self,selfgroom""]",SLEAP,"['sniffgenital', 'sniff', 'selfgroom', 'rear', 'intromit', 'attemptmount', 'mount']",0.056665265432161736
CalMS21_supplemental,64642705,C57Bl/6J,black,male,59.0,,cabled device,BALB/c,white,female,,,,,,,,,,,,,,,,30.0,412.4,18.33,1024,570,35.0,15.0,rectangular,resident-intruder,"[""ear_left"", ""ear_right"", ""hip_left"", ""hip_right"", ""neck"", ""nose"", ""tail_base""]","[""mouse1,mouse2,approach"", ""mouse1,mouse2,attack"", ""mouse1,mouse2,attemptmount"", ""mouse1,mouse2,mount"", ""mouse1,mouse2,sniffbody"", ""mouse1,mouse2,sniffface"", ""mouse1,mouse2,sniffgenital""]",MARS,"['sniffgenital', 'approach', 'attack', 'sniffface', 'attemptmount', 'mount', 'sniffbody']",0.05563528976912903
CalMS21_supplemental,204814054,C57Bl/6J,black,male,60.0,,cabled device,BALB/c,white,male,,,,,,,,,,,,,,,,30.0,175.7,18.33,1024,570,35.0,15.0,rectangular,resident-intruder,"[""ear_left"", ""ear_right"", ""hip_left"", ""hip_right"", ""neck"", ""nose"", ""tail_base""]","[""mouse1,mouse2,approach"", ""mouse1,mouse2,attack"", ""mouse1,mouse2,attemptmount"", ""mouse1,mouse2,mount"", ""mouse1,mouse2,sniffbody"", ""mouse1,mouse2,sniffface"", ""mouse1,mouse2,sniffgenital""]",MARS,"['sniffgenital', 'approach', 'attack', 'sniffface', 'attemptmount', 'mount', 'sniffbody']",0.05563528976912903
CalMS21_supplemental,506737762,C57Bl/6J,black,male,60.0,,cabled device,BALB/c,white,male,,,,,,,,,,,,,,,,30.0,226.2,18.33,1024,570,35.0,15.0,rectangular,resident-intruder,"[""ear_left"", ""ear_right"", ""hip_left"", ""hip_right"", ""neck"", ""nose"", ""tail_base""]","[""mouse1,mouse2,approach"", ""mouse1,mouse2,attemptmount"", ""mouse1,mouse2,mount"", ""mouse1,mouse2,sniffbody"", ""mouse1,mouse2,sniffface"", ""mouse1,mouse2,sniffgenital""]",MARS,"['sniffgenital', 'approach', 'attemptmount', 'sniffface', 'sniffbody', 'mount']",0.05337284633533365
CalMS21_supplemental,1094348590,C57Bl/6J,black,male,58.0,,cabled device,BALB/c,white,female,,,,,,,,,,,,,,,,30.0,343.3,18.33,1024,570,35.0,15.0,rectangular,resident-intruder,"[""ear_left"", ""ear_right"", ""hip_left"", ""hip_right"", ""neck"", ""nose"", ""tail_base""]","[""mouse1,mouse2,approach"", ""mouse1,mouse2,attemptmount"", ""mouse1,mouse2,mount"", ""mouse1,mouse2,sniffbody"", ""mouse1,mouse2,sniffface"", ""mouse1,mouse2,sniffgenital""]",MARS,"['sniffgenital', 'approach', 'attemptmount', 'sniffface', 'sniffbody', 'mount']",0.05337284633533365
CalMS21_supplemental,1505228483,C57Bl/6J,black,male,59.0,,cabled device,BALB/c,white,male,,,,,,,,,,,,,,,,30.0,282.1,18.33,1024,570,35.0,15.0,rectangular,resident-intruder,"[""ear_left"", ""ear_right"", ""hip_left"", ""hip_right"", ""neck"", ""nose"", ""tail_base""]","[""mouse1,mouse2,approach"", ""mouse1,mouse2,attemptmount"", ""mouse1,mouse2,mount"", ""mouse1,mouse2,sniffbody"", ""mouse1,mouse2,sniffface"", ""mouse1,mouse2,sniffgenital""]",MARS,"['sniffgenital', 'approach', 'attemptmount', 'sniffface', 'sniffbody', 'mount']",0.05337284633533365
CalMS21_supplemental,292722123,C57Bl/6J,black,male,60.0,,cabled device,BALB/c,white,female,,,,,,,,,,,,,,,,30.0,309.2,18.33,1024,570,35.0,15.0,rectangular,resident-intruder,"[""ear_left"", ""ear_right"", ""hip_left"", ""hip_right"", ""neck"", ""nose"", ""tail_base""]","[""mouse1,mouse2,approach"", ""mouse1,mouse2,attemptmount"", ""mouse1,mouse2,mount"", ""mouse1,mouse2,sniffbody"", ""mouse1,mouse2,sniffface"", ""mouse1,mouse2,sniffgenital""]",MARS,"['sniffgenital', 'approach', 'attemptmount', 'sniffface', 'sniffbody', 'mount']",0.05337284633533365
ElegantMink,535058450,C57Bl/6J,black,male,27.0,,,C57Bl/6J,black,female,28.0,,hormone primed,,,,,,,,,,,,,30.0,1806.8,18.2,720,480,33.0,22.0,rectangular,resident-intruder,"[""ear_left"", ""ear_right"", ""hip_left"", ""hip_right"", ""neck"", ""nose"", ""tail_base""]","[""mouse1,mouse2,allogroom"", ""mouse1,mouse2,intromit"", ""mouse1,mouse2,mount"", ""mouse1,mouse2,sniff"", ""mouse1,mouse2,sniffgenital"", ""mouse2,self,rear""]",SLEAP,"['sniffgenital', 'sniff', 'rear', 'allogroom', 'intromit', 'mount']",0.04980111507479612
ElegantMink,464176860,129/SvEvTac,brown,male,13.0,,,C57Bl/6J,black,female,14.0,,hormone primed,,,,,,,,,,,,,30.0,1835.1,19.0,720,480,33.0,16.0,rectangular,resident-intruder,"[""ear_left"", ""ear_right"", ""hip_left"", ""hip_right"", ""neck"", ""nose"", ""tail_base""]","[""mouse1,mouse2,attemptmount"", ""mouse1,mouse2,intromit"", ""mouse1,mouse2,mount"", ""mouse1,mouse2,sniff"", ""mouse1,mouse2,sniffgenital"", ""mouse2,self,rear""]",SLEAP,"['sniffgenital', 'sniff', 'rear', 'intromit', 'attemptmount', 'mount']",0.047969613333863056
ElegantMink,715350314,129/SvEvTac,brown,male,7.0,,,C57Bl/6J,black,female,8.0,,hormone primed,,,,,,,,,,,,,30.0,1840.5,20.3,720,480,33.0,22.0,rectangular,resident-intruder,"[""ear_left"", ""ear_right"", ""hip_left"", ""hip_right"", ""neck"", ""nose"", ""tail_base""]","[""mouse1,mouse2,attemptmount"", ""mouse1,mouse2,intromit"", ""mouse1,mouse2,mount"", ""mouse1,mouse2,sniff"", ""mouse1,mouse2,sniffgenital"", ""mouse2,self,rear""]",SLEAP,"['sniffgenital', 'sniff', 'rear', 'intromit', 'attemptmount', 'mount']",0.047969613333863056
ElegantMink,1430254576,129/SvEvTac,brown,male,9.0,,,C57Bl/6J,black,female,10.0,,hormone primed,,,,,,,,,,,,,30.0,1847.8,18.8,720,480,33.0,16.0,rectangular,resident-intruder,"[""ear_left"", ""ear_right"", ""hip_left"", ""hip_right"", ""neck"", ""nose"", ""tail_base""]","[""mouse1,mouse2,attemptmount"", ""mouse1,mouse2,intromit"", ""mouse1,mouse2,mount"", ""mouse1,mouse2,sniff"", ""mouse1,mouse2,sniffgenital"", ""mouse2,self,rear""]",SLEAP,"['sniffgenital', 'sniff', 'rear', 'intromit', 'attemptmount', 'mount']",0.047969613333863056
ElegantMink,653760641,129/SvEvTac,brown,male,17.0,,,C57Bl/6J,black,female,18.0,,hormone primed,,,,,,,,,,,,,30.0,1828.7,20.3,720,480,33.0,16.0,rectangular,resident-intruder,"[""ear_left"", ""ear_right"", ""hip_left"", ""hip_right"", ""neck"", ""nose"", ""tail_base""]","[""mouse1,mouse2,attemptmount"", ""mouse1,mouse2,intromit"", ""mouse1,mouse2,mount"", ""mouse1,mouse2,sniff"", ""mouse1,mouse2,sniffgenital"", ""mouse2,self,rear""]",SLEAP,"['sniffgenital', 'sniff', 'rear', 'intromit', 'attemptmount', 'mount']",0.047969613333863056
PleasantMeerkat,599439,C57Bl/6J,black,male,6.0,,,C57Bl/6J,black,male,16.0,,,,,,,,,,,,,,,45.0,600.0,15.8,2048,2020,120.0,120.0,split rectangluar,divided territories,"[""body_center"", ""ear_left"", ""ear_right"", ""lateral_left"", ""lateral_right"", ""nose"", ""tail_base"", ""tail_tip""]","[""mouse1,mouse2,attack"", ""mouse1,mouse2,chase"", ""mouse1,mouse2,escape"", ""mouse1,mouse2,follow"", ""mouse2,mouse1,attack"", ""mouse2,mouse1,chase"", ""mouse2,mouse1,escape"", ""mouse2,mouse1,follow""]",DeepLabCut,"['chase', 'attack', 'escape', 'follow']",0.047244302876133515
PleasantMeerkat,62373697,C57Bl/6J,black,male,5.0,,,C57Bl/6J,black,male,15.0,,,,,,,,,,,,,,,45.0,600.0,15.8,2048,2010,120.0,120.0,split rectangluar,divided territories,"[""body_center"", ""ear_left"", ""ear_right"", ""lateral_left"", ""lateral_right"", ""nose"", ""tail_base"", ""tail_tip""]","[""mouse1,mouse2,attack"", ""mouse1,mouse2,chase"", ""mouse1,mouse2,escape"", ""mouse1,mouse2,follow"", ""mouse2,mouse1,attack"", ""mouse2,mouse1,chase"", ""mouse2,mouse1,escape"", ""mouse2,mouse1,follow""]",DeepLabCut,"['chase', 'attack', 'escape', 'follow']",0.047244302876133515
PleasantMeerkat,74645358,C57Bl/6J,black,male,5.0,,,C57Bl/6J,black,male,15.0,,,,,,,,,,,,,,,45.0,600.0,15.8,2048,2010,120.0,120.0,split rectangluar,divided territories,"[""body_center"", ""ear_left"", ""ear_right"", ""lateral_left"", ""lateral_right"", ""nose"", ""tail_base"", ""tail_tip""]","[""mouse1,mouse2,attack"", ""mouse1,mouse2,chase"", ""mouse1,mouse2,escape"", ""mouse1,mouse2,follow"", ""mouse2,mouse1,attack"", ""mouse2,mouse1,chase"", ""mouse2,mouse1,escape"", ""mouse2,mouse1,follow""]",DeepLabCut,"['chase', 'attack', 'escape', 'follow']",0.047244302876133515
PleasantMeerkat,201760488,CD1,white,male,6.0,,,CD1,white,male,16.0,,,,,,,,,,,,,,,45.0,600.0,15.8,2020,2020,120.0,120.0,split rectangluar,divided territories,"[""body_center"", ""ear_left"", ""ear_right"", ""lateral_left"", ""lateral_right"", ""nose"", ""tail_base"", ""tail_tip""]","[""mouse1,mouse2,attack"", ""mouse1,mouse2,chase"", ""mouse1,mouse2,escape"", ""mouse1,mouse2,follow"", ""mouse2,mouse1,attack"", ""mouse2,mouse1,chase"", ""mouse2,mouse1,escape"", ""mouse2,mouse1,follow""]",DeepLabCut,"['chase', 'attack', 'escape', 'follow']",0.047244302876133515
PleasantMeerkat,263433603,C57Bl/6J,black,male,3.0,,,C57Bl/6J,black,male,13.0,,,,,,,,,,,,,,,45.0,600.0,15.8,2010,2026,120.0,120.0,split rectangluar,divided territories,"[""body_center"", ""ear_left"", ""ear_right"", ""lateral_left"", ""lateral_right"", ""nose"", ""tail_base"", ""tail_tip""]","[""mouse1,mouse2,attack"", ""mouse1,mouse2,chase"", ""mouse1,mouse2,escape"", ""mouse1,mouse2,follow"", ""mouse2,mouse1,attack"", ""mouse2,mouse1,chase"", ""mouse2,mouse1,escape"", ""mouse2,mouse1,follow""]",DeepLabCut,"['chase', 'attack', 'escape', 'follow']",0.047244302876133515
PleasantMeerkat,365886350,CD1,white,male,7.0,,,CD1,white,male,17.0,,,,,,,,,,,,,,,45.0,600.0,15.8,2010,2040,120.0,120.0,split rectangluar,divided territories,"[""body_center"", ""ear_left"", ""ear_right"", ""lateral_left"", ""lateral_right"", ""nose"", ""tail_base"", ""tail_tip""]","[""mouse1,mouse2,attack"", ""mouse1,mouse2,chase"", ""mouse1,mouse2,escape"", ""mouse1,mouse2,follow"", ""mouse2,mouse1,attack"", ""mouse2,mouse1,chase"", ""mouse2,mouse1,escape"", ""mouse2,mouse1,follow""]",DeepLabCut,"['chase', 'attack', 'escape', 'follow']",0.047244302876133515
PleasantMeerkat,408761044,C57Bl/6J,black,male,5.0,,,C57Bl/6J,black,male,15.0,,,,,,,,,,,,,,,45.0,600.0,15.8,2048,2014,120.0,120.0,split rectangluar,divided territories,"[""body_center"", ""ear_left"", ""ear_right"", ""lateral_left"", ""lateral_right"", ""nose"", ""tail_base"", ""tail_tip""]","[""mouse1,mouse2,attack"", ""mouse1,mouse2,chase"", ""mouse1,mouse2,escape"", ""mouse1,mouse2,follow"", ""mouse2,mouse1,attack"", ""mouse2,mouse1,chase"", ""mouse2,mouse1,escape"", ""mouse2,mouse1,follow""]",DeepLabCut,"['chase', 'attack', 'escape', 'follow']",0.047244302876133515
PleasantMeerkat,886803007,C57Bl/6J,black,male,3.0,,,C57Bl/6J,black,male,13.0,,,,,,,,,,,,,,,45.0,600.0,15.8,2010,2026,120.0,120.0,split rectangluar,divided territories,"[""body_center"", ""ear_left"", ""ear_right"", ""lateral_left"", ""lateral_right"", ""nose"", ""tail_base"", ""tail_tip""]","[""mouse1,mouse2,attack"", ""mouse1,mouse2,chase"", ""mouse1,mouse2,escape"", ""mouse1,mouse2,follow"", ""mouse2,mouse1,attack"", ""mouse2,mouse1,chase"", ""mouse2,mouse1,escape"", ""mouse2,mouse1,follow""]",DeepLabCut,"['chase', 'attack', 'escape', 'follow']",0.047244302876133515
LyricalHare,835416988,C57Bl/6J x Ai148,black,male,5.0,8-26 weeks,,CFW,white,male,,8-57 weeks,,,,,,,,,,,,,,120.0,306.0,10.9,560,680,30.8,22.2,rectangular,neutral,"[""ear_left"", ""ear_right"", ""nose"", ""tail_base"", ""tail_tip""]","[""mouse1,mouse2,approach"", ""mouse1,mouse2,attack"", ""mouse2,mouse1,defend"", ""mouse2,mouse1,escape""]",DeepLabCut,"['attack', 'escape', 'defend', 'approach']",0.03480861817226513
TranquilPanther,675356666,C57Bl/6J,black,female,15.0,,estrus,C57Bl/6J,black,male,,,,,,,,,,,,,,,,30.0,1235.0,11.6,402,480,35.0,20.0,rectangular,resident-intruder,"[""ear_left"", ""ear_right"", ""hip_left"", ""hip_right"", ""neck"", ""nose"", ""tail_base""]","[""mouse1,mouse2,intromit"", ""mouse1,mouse2,mount"", ""mouse1,mouse2,sniff"", ""mouse1,mouse2,sniffgenital"", ""mouse2,self,rear"", ""mouse2,self,selfgroom""]",SLEAP,"['sniffgenital', 'sniff', 'selfgroom', 'rear', 'intromit', 'mount']",0.032855742189531335
TranquilPanther,1979655353,C57Bl/6J,black,female,6.0,,estrus,CFW,white,male,,,,,,,,,,,,,,,,30.0,1472.7,13.2,640,480,35.0,20.0,rectangular,resident-intruder,"[""ear_left"", ""ear_right"", ""hip_left"", ""hip_right"", ""neck"", ""nose"", ""tail_base""]","[""mouse1,mouse2,intromit"", ""mouse1,mouse2,mount"", ""mouse1,mouse2,sniff"", ""mouse1,mouse2,sniffgenital"", ""mouse2,self,rear"", ""mouse2,self,selfgroom""]",SLEAP,"['sniffgenital', 'sniff', 'selfgroom', 'rear', 'intromit', 'mount']",0.032855742189531335
TranquilPanther,1907520217,C57Bl/6J,black,female,5.0,,estrus,CFW,white,male,,,,,,,,,,,,,,,,30.0,1239.7,13.3,640,480,35.0,20.0,rectangular,resident-intruder,"[""ear_left"", ""ear_right"", ""hip_left"", ""hip_right"", ""neck"", ""nose"", ""tail_base""]","[""mouse1,mouse2,intromit"", ""mouse1,mouse2,mount"", ""mouse1,mouse2,sniff"", ""mouse1,mouse2,sniffgenital"", ""mouse2,self,rear"", ""mouse2,self,selfgroom""]",SLEAP,"['sniffgenital', 'sniff', 'selfgroom', 'rear', 'intromit', 'mount']",0.032855742189531335
TranquilPanther,1735658729,C57Bl/6J,black,female,6.0,,estrus,CFW,white,male,,,,,,,,,,,,,,,,30.0,3955.5,13.3,640,480,35.0,20.0,rectangular,resident-intruder,"[""ear_left"", ""ear_right"", ""hip_left"", ""hip_right"", ""neck"", ""nose"", ""tail_base""]","[""mouse1,mouse2,intromit"", ""mouse1,mouse2,mount"", ""mouse1,mouse2,sniff"", ""mouse1,mouse2,sniffgenital"", ""mouse2,self,rear"", ""mouse2,self,selfgroom""]",SLEAP,"['sniffgenital', 'sniff', 'selfgroom', 'rear', 'intromit', 'mount']",0.032855742189531335
TranquilPanther,431495718,C57Bl/6J,black,female,3.0,,estrus,CFW,white,male,,,,,,,,,,,,,,,,30.0,4746.6,13.7,640,480,35.0,20.0,rectangular,resident-intruder,"[""ear_left"", ""ear_right"", ""hip_left"", ""hip_right"", ""neck"", ""nose"", ""tail_base""]","[""mouse1,mouse2,intromit"", ""mouse1,mouse2,mount"", ""mouse1,mouse2,sniff"", ""mouse1,mouse2,sniffgenital"", ""mouse2,self,rear"", ""mouse2,self,selfgroom""]",SLEAP,"['sniffgenital', 'sniff', 'selfgroom', 'rear', 'intromit', 'mount']",0.032855742189531335
TranquilPanther,1732555338,C57Bl/6J,black,female,3.0,,estrus,CFW,white,male,,,,,,,,,,,,,,,,30.0,1944.5,13.7,640,480,35.0,20.0,rectangular,resident-intruder,"[""ear_left"", ""ear_right"", ""hip_left"", ""hip_right"", ""neck"", ""nose"", ""tail_base""]","[""mouse1,mouse2,intromit"", ""mouse1,mouse2,mount"", ""mouse1,mouse2,sniff"", ""mouse1,mouse2,sniffgenital"", ""mouse2,self,rear"", ""mouse2,self,selfgroom""]",SLEAP,"['sniffgenital', 'sniff', 'selfgroom', 'rear', 'intromit', 'mount']",0.032855742189531335
TranquilPanther,1582739342,C57Bl/6J,black,female,11.0,,estrus,C57Bl/6J,black,male,,,,,,,,,,,,,,,,30.0,4152.0,10.5,640,480,35.0,20.0,rectangular,resident-intruder,"[""ear_left"", ""ear_right"", ""hip_left"", ""hip_right"", ""neck"", ""nose"", ""tail_base""]","[""mouse1,mouse2,intromit"", ""mouse1,mouse2,mount"", ""mouse1,mouse2,sniff"", ""mouse1,mouse2,sniffgenital"", ""mouse2,self,rear"", ""mouse2,self,selfgroom""]",SLEAP,"['sniffgenital', 'sniff', 'selfgroom', 'rear', 'intromit', 'mount']",0.032855742189531335
TranquilPanther,1510465149,C57Bl/6J,black,female,5.0,,estrus,CFW,white,male,,,,,,,,,,,,,,,,30.0,1786.5,13.2,640,480,35.0,20.0,rectangular,resident-intruder,"[""ear_left"", ""ear_right"", ""hip_left"", ""hip_right"", ""neck"", ""nose"", ""tail_base""]","[""mouse1,mouse2,intromit"", ""mouse1,mouse2,mount"", ""mouse1,mouse2,sniff"", ""mouse1,mouse2,sniffgenital"", ""mouse2,self,rear"", ""mouse2,self,selfgroom""]",SLEAP,"['sniffgenital', 'sniff', 'selfgroom', 'rear', 'intromit', 'mount']",0.032855742189531335
SparklingTapir,1467427271,CD1,white,male,29.0,> 40 weeks,,C57Bl/6J,black,male,,6-12 weeks,,,,,,,,,,,,,,30.0,600.1,24.0,400,1238,12.7,46.0,rectangular,CSDS,"[""body_center"", ""ear_left"", ""ear_right"", ""lateral_left"", ""lateral_right"", ""nose"", ""tail_base""]","[""mouse2,mouse1,defend"", ""mouse2,mouse1,escape""]",DeepLabCut,"['escape', 'defend']",0.026864356588934633
SparklingTapir,1086931654,CD1,white,male,27.0,> 40 weeks,,C57Bl/6J,black,male,,6-12 weeks,,,,,,,,,,,,,,30.0,600.1,24.0,408,1240,12.7,46.0,rectangular,CSDS,"[""body_center"", ""ear_left"", ""ear_right"", ""lateral_left"", ""lateral_right"", ""nose"", ""tail_base""]","[""mouse2,mouse1,defend"", ""mouse2,mouse1,escape""]",DeepLabCut,"['escape', 'defend']",0.026864356588934633
SparklingTapir,1481654558,CD1,white,male,26.0,> 40 weeks,,C57Bl/6J,black,male,,6-12 weeks,,,,,,,,,,,,,,30.0,600.1,24.0,414,1222,12.7,46.0,rectangular,CSDS,"[""body_center"", ""ear_left"", ""ear_right"", ""lateral_left"", ""lateral_right"", ""nose"", ""tail_base""]","[""mouse2,mouse1,defend"", ""mouse2,mouse1,escape""]",DeepLabCut,"['escape', 'defend']",0.026864356588934633
SparklingTapir,961245099,CD1,white,male,25.0,> 40 weeks,,C57Bl/6J,black,male,,6-12 weeks,,,,,,,,,,,,,,30.0,600.1,24.0,406,1214,12.7,46.0,rectangular,CSDS,"[""body_center"", ""ear_left"", ""ear_right"", ""lateral_left"", ""lateral_right"", ""nose"", ""tail_base""]","[""mouse2,mouse1,defend"", ""mouse2,mouse1,escape""]",DeepLabCut,"['escape', 'defend']",0.026864356588934633
SparklingTapir,738250759,CD1,white,male,30.0,> 40 weeks,,C57Bl/6J,black,male,,6-12 weeks,,,,,,,,,,,,,,30.0,600.1,24.0,404,1216,12.7,46.0,rectangular,CSDS,"[""body_center"", ""ear_left"", ""ear_right"", ""lateral_left"", ""lateral_right"", ""nose"", ""tail_base""]","[""mouse2,mouse1,defend"", ""mouse2,mouse1,escape""]",DeepLabCut,"['escape', 'defend']",0.026864356588934633
SparklingTapir,1565453395,CD1,white,male,24.0,> 40 weeks,,C57Bl/6J,black,male,,6-12 weeks,,,,,,,,,,,,,,30.0,600.1,24.0,430,1220,12.7,46.0,rectangular,CSDS,"[""body_center"", ""ear_left"", ""ear_right"", ""lateral_left"", ""lateral_right"", ""nose"", ""tail_base""]","[""mouse2,mouse1,defend"", ""mouse2,mouse1,escape""]",DeepLabCut,"['escape', 'defend']",0.026864356588934633
SparklingTapir,2036366833,CD1,white,male,27.0,> 40 weeks,,C57Bl/6J,black,male,,6-12 weeks,,,,,,,,,,,,,,30.0,600.1,24.0,432,1204,12.7,46.0,rectangular,CSDS,"[""body_center"", ""ear_left"", ""ear_right"", ""lateral_left"", ""lateral_right"", ""nose"", ""tail_base""]","[""mouse2,mouse1,defend"", ""mouse2,mouse1,escape""]",DeepLabCut,"['escape', 'defend']",0.026864356588934633
SparklingTapir,160640380,CD1,white,male,29.0,> 40 weeks,,C57Bl/6J,black,male,,6-12 weeks,,,,,,,,,,,,,,30.0,600.1,24.0,428,1226,12.7,46.0,rectangular,CSDS,"[""body_center"", ""ear_left"", ""ear_right"", ""lateral_left"", ""lateral_right"", ""nose"", ""tail_base""]","[""mouse2,mouse1,defend"", ""mouse2,mouse1,escape""]",DeepLabCut,"['escape', 'defend']",0.026864356588934633
JovialSwallow,670490764,C57Bl/6N,black,male,8.0,17-21 weeks,,BALB/c,white,male,,8-13 weeks,,,,,,,,,,,,,,10.0,900.0,15.3,400,480,15.0,35.0,rectangular,resident-intruder,"[""ear_left"", ""ear_right"", ""hip_left"", ""hip_right"", ""neck"", ""nose"", ""tail_base""]","[""mouse1,mouse2,attack"", ""mouse1,mouse2,chase"", ""mouse1,mouse2,sniff""]",SLEAP,"['chase', 'attack', 'sniff']",0.011819696847638098
JovialSwallow,867736486,C57Bl/6N,black,male,9.0,17-21 weeks,,BALB/c,white,male,,8-13 weeks,,,,,,,,,,,,,,10.0,900.0,15.3,400,480,15.0,35.0,rectangular,resident-intruder,"[""ear_left"", ""ear_right"", ""hip_left"", ""hip_right"", ""neck"", ""nose"", ""tail_base""]","[""mouse1,mouse2,attack"", ""mouse1,mouse2,chase"", ""mouse1,mouse2,sniff""]",SLEAP,"['chase', 'attack', 'sniff']",0.011819696847638098
JovialSwallow,822941934,C57Bl/6N,black,male,3.0,17-21 weeks,,BALB/c,white,male,,8-13 weeks,,,,,,,,,,,,,,10.0,900.0,15.3,400,480,15.0,35.0,rectangular,resident-intruder,"[""ear_left"", ""ear_right"", ""hip_left"", ""hip_right"", ""neck"", ""nose"", ""tail_base""]","[""mouse1,mouse2,attack"", ""mouse1,mouse2,chase"", ""mouse1,mouse2,sniff""]",SLEAP,"['chase', 'attack', 'sniff']",0.011819696847638098
JovialSwallow,856443471,C57Bl/6N,black,male,12.0,17-21 weeks,,BALB/c,white,male,,8-13 weeks,,,,,,,,,,,,,,10.0,900.0,15.3,400,480,15.0,35.0,rectangular,resident-intruder,"[""ear_left"", ""ear_right"", ""hip_left"", ""hip_right"", ""neck"", ""nose"", ""tail_base""]","[""mouse1,mouse2,attack"", ""mouse1,mouse2,chase"", ""mouse1,mouse2,sniff""]",SLEAP,"['chase', 'attack', 'sniff']",0.011819696847638098
JovialSwallow,848229796,C57Bl/6N,black,male,5.0,17-21 weeks,,BALB/c,white,male,,8-13 weeks,,,,,,,,,,,,,,10.0,900.0,15.3,400,480,15.0,35.0,rectangular,resident-intruder,"[""ear_left"", ""ear_right"", ""hip_left"", ""hip_right"", ""neck"", ""nose"", ""tail_base""]","[""mouse1,mouse2,attack"", ""mouse1,mouse2,chase"", ""mouse1,mouse2,sniff""]",SLEAP,"['chase', 'attack', 'sniff']",0.011819696847638098
JovialSwallow,762151225,C57Bl/6N,black,male,2.0,17-21 weeks,,BALB/c,white,male,,8-13 weeks,,,,,,,,,,,,,,10.0,900.0,15.3,400,480,15.0,35.0,rectangular,resident-intruder,"[""ear_left"", ""ear_right"", ""hip_left"", ""hip_right"", ""neck"", ""nose"", ""tail_base""]","[""mouse1,mouse2,attack"", ""mouse1,mouse2,chase"", ""mouse1,mouse2,sniff""]",SLEAP,"['chase', 'attack', 'sniff']",0.011819696847638098
JovialSwallow,821473511,C57Bl/6N,black,male,8.0,17-21 weeks,,BALB/c,white,male,,8-13 weeks,,,,,,,,,,,,,,10.0,900.0,15.3,400,480,15.0,35.0,rectangular,resident-intruder,"[""ear_left"", ""ear_right"", ""hip_left"", ""hip_right"", ""neck"", ""nose"", ""tail_base""]","[""mouse1,mouse2,attack"", ""mouse1,mouse2,chase"", ""mouse1,mouse2,sniff""]",SLEAP,"['chase', 'attack', 'sniff']",0.011819696847638098
JovialSwallow,530737197,C57Bl/6N,black,male,9.0,17-21 weeks,,BALB/c,white,male,,8-13 weeks,,,,,,,,,,,,,,10.0,900.0,15.3,400,480,15.0,35.0,rectangular,resident-intruder,"[""ear_left"", ""ear_right"", ""hip_left"", ""hip_right"", ""neck"", ""nose"", ""tail_base""]","[""mouse1,mouse2,attack"", ""mouse1,mouse2,chase"", ""mouse1,mouse2,sniff""]",SLEAP,"['chase', 'attack', 'sniff']",0.011819696847638098
CalMS21_task2,1487348488,C57Bl/6J,black,male,13.0,,,BALB/c,white,female,,,,,,,,,,,,,,,,30.0,613.6,18.33,1024,570,35.0,15.0,rectangular,resident-intruder,"[""ear_left"", ""ear_right"", ""hip_left"", ""hip_right"", ""neck"", ""nose"", ""tail_base""]","[""mouse1,mouse2,attack"", ""mouse1,mouse2,mount"", ""mouse1,mouse2,sniff""]",MARS,"['sniff', 'attack', 'mount']",0.007078077142824745
CalMS21_task2,1202353959,C57Bl/6J,black,male,26.0,,,BALB/c,white,male,,,,,,,,,,,,,,,,30.0,593.7,18.33,1024,570,35.0,15.0,rectangular,resident-intruder,"[""ear_left"", ""ear_right"", ""hip_left"", ""hip_right"", ""neck"", ""nose"", ""tail_base""]","[""mouse1,mouse2,attack"", ""mouse1,mouse2,mount"", ""mouse1,mouse2,sniff""]",MARS,"['sniff', 'attack', 'mount']",0.007078077142824745
CalMS21_task2,1603961707,C57Bl/6J,black,male,38.0,,,BALB/c,white,,,,,,,,,,,,,,,,,30.0,899.9,18.33,1024,570,35.0,15.0,rectangular,resident-intruder,"[""ear_left"", ""ear_right"", ""hip_left"", ""hip_right"", ""neck"", ""nose"", ""tail_base""]","[""mouse1,mouse2,attack"", ""mouse1,mouse2,mount"", ""mouse1,mouse2,sniff""]",MARS,"['sniff', 'attack', 'mount']",0.007078077142824745
CalMS21_task2,1635298045,C57Bl/6J,black,male,20.0,,,BALB/c,white,female,,,,,,,,,,,,,,,,30.0,582.4,18.33,1024,570,35.0,15.0,rectangular,resident-intruder,"[""ear_left"", ""ear_right"", ""hip_left"", ""hip_right"", ""neck"", ""nose"", ""tail_base""]","[""mouse1,mouse2,attack"", ""mouse1,mouse2,mount"", ""mouse1,mouse2,sniff""]",MARS,"['sniff', 'attack', 'mount']",0.007078077142824745
CalMS21_task2,1646053367,C57Bl/6J,black,male,19.0,,,BALB/c,white,male,,,,,,,,,,,,,,,,30.0,605.8,18.33,1024,570,35.0,15.0,rectangular,resident-intruder,"[""ear_left"", ""ear_right"", ""hip_left"", ""hip_right"", ""neck"", ""nose"", ""tail_base""]","[""mouse1,mouse2,attack"", ""mouse1,mouse2,mount"", ""mouse1,mouse2,sniff""]",MARS,"['sniff', 'attack', 'mount']",0.007078077142824745
CalMS21_task2,1647072290,C57Bl/6J,black,male,37.0,,,BALB/c,white,,,,,,,,,,,,,,,,,30.0,903.3,18.33,1024,570,35.0,15.0,rectangular,resident-intruder,"[""ear_left"", ""ear_right"", ""hip_left"", ""hip_right"", ""neck"", ""nose"", ""tail_base""]","[""mouse1,mouse2,attack"", ""mouse1,mouse2,mount"", ""mouse1,mouse2,sniff""]",MARS,"['sniff', 'attack', 'mount']",0.007078077142824745
CalMS21_task2,1680784615,C57Bl/6J,black,male,13.0,,,BALB/c,white,female,,,,,,,,,,,,,,,,30.0,613.6,18.33,1024,570,35.0,15.0,rectangular,resident-intruder,"[""ear_left"", ""ear_right"", ""hip_left"", ""hip_right"", ""neck"", ""nose"", ""tail_base""]","[""mouse1,mouse2,attack"", ""mouse1,mouse2,mount"", ""mouse1,mouse2,sniff""]",MARS,"['sniff', 'attack', 'mount']",0.007078077142824745
CalMS21_task2,1756586174,C57Bl/6J,black,male,14.0,,,BALB/c,white,female,,,,,,,,,,,,,,,,30.0,603.2,18.33,1024,570,35.0,15.0,rectangular,resident-intruder,"[""ear_left"", ""ear_right"", ""hip_left"", ""hip_right"", ""neck"", ""nose"", ""tail_base""]","[""mouse1,mouse2,attack"", ""mouse1,mouse2,mount"", ""mouse1,mouse2,sniff""]",MARS,"['sniff', 'attack', 'mount']",0.007078077142824745
