lab_id,video_id,mouse1_strain,mouse1_color,mouse1_sex,mouse1_id,mouse1_age,mouse1_condition,mouse2_strain,mouse2_color,mouse2_sex,mouse2_id,mouse2_age,mouse2_condition,mouse3_strain,mouse3_color,mouse3_sex,mouse3_id,mouse3_age,mouse3_condition,mouse4_strain,mouse4_color,mouse4_sex,mouse4_id,mouse4_age,mouse4_condition,frames_per_second,video_duration_sec,pix_per_cm_approx,video_width_pix,video_height_pix,arena_width_cm,arena_height_cm,arena_shape,arena_type,body_parts_tracked,behaviors_labeled,tracking_method
CalMS21_supplemental,29829833,C57Bl/6J,black,male,42.0,,,BALB/c,white,male,,,,,,,,,,,,,,,,30.0,603.7,18.33,1024,570,35.0,15.0,rectangular,resident-intruder,"[""ear_left"", ""ear_right"", ""hip_left"", ""hip_right"", ""neck"", ""nose"", ""tail_base""]","[""mouse1,mouse2,attack"", ""mouse1,mouse2,sniff""]",MARS
CalMS21_supplemental,35021334,C57Bl/6J,black,male,19.0,,,BALB/c,white,male,,,,,,,,,,,,,,,,30.0,889.3,18.33,1024,570,35.0,15.0,rectangular,resident-intruder,"[""ear_left"", ""ear_right"", ""hip_left"", ""hip_right"", ""neck"", ""nose"", ""tail_base""]","[""mouse1,mouse2,sniff"", ""mouse1,mouse2,sniffgenital""]",MARS
CalMS21_supplemental,40742782,C57Bl/6J,black,male,42.0,,,BALB/c,white,male,,,,,,,,,,,,,,,,30.0,598.4,18.33,1024,570,35.0,15.0,rectangular,resident-intruder,"[""ear_left"", ""ear_right"", ""hip_left"", ""hip_right"", ""neck"", ""nose"", ""tail_base""]","[""mouse1,mouse2,attack"", ""mouse1,mouse2,sniff"", ""mouse1,mouse2,sniffgenital""]",MARS
CalMS21_supplemental,40750804,C57Bl/6J,black,male,36.0,,,BALB/c,white,male,,,,,,,,,,,,,,,,30.0,1241.7,18.33,1024,570,35.0,15.0,rectangular,resident-intruder,"[""ear_left"", ""ear_right"", ""hip_left"", ""hip_right"", ""neck"", ""nose"", ""tail_base""]","[""mouse1,mouse2,sniff"", ""mouse1,mouse2,sniffgenital""]",MARS
CalMS21_supplemental,42319786,C57Bl/6J,black,male,74.0,,cable,BALB/c,white,male,,,,,,,,,,,,,,,,30.0,476.8,18.33,1024,570,35.0,15.0,rectangular,resident-intruder,"[""ear_left"", ""ear_right"", ""hip_left"", ""hip_right"", ""neck"", ""nose"", ""tail_base""]","[""mouse1,mouse2,attack"", ""mouse1,mouse2,dominancemount"", ""mouse1,mouse2,sniff"", ""mouse1,mouse2,sniffgenital""]",MARS
CalMS21_supplemental,54306566,C57Bl/6J,black,male,60.0,,cabled device,BALB/c,white,male,,,,,,,,,,,,,,,,30.0,176.4,18.33,1024,570,35.0,15.0,rectangular,resident-intruder,"[""ear_left"", ""ear_right"", ""hip_left"", ""hip_right"", ""neck"", ""nose"", ""tail_base""]","[""mouse1,mouse2,approach"", ""mouse1,mouse2,attemptmount"", ""mouse1,mouse2,mount"", ""mouse1,mouse2,sniffbody"", ""mouse1,mouse2,sniffface"", ""mouse1,mouse2,sniffgenital""]",MARS
CalMS21_supplemental,56352203,C57Bl/6J,black,male,74.0,,cable,BALB/c,white,male,,,,,,,,,,,,,,,,30.0,196.0,18.33,1024,570,35.0,15.0,rectangular,resident-intruder,"[""ear_left"", ""ear_right"", ""hip_left"", ""hip_right"", ""neck"", ""nose"", ""tail_base""]","[""mouse1,mouse2,dominancemount"", ""mouse1,mouse2,sniff"", ""mouse1,mouse2,sniffgenital""]",MARS
CalMS21_supplemental,64642705,C57Bl/6J,black,male,59.0,,cabled device,BALB/c,white,female,,,,,,,,,,,,,,,,30.0,412.4,18.33,1024,570,35.0,15.0,rectangular,resident-intruder,"[""ear_left"", ""ear_right"", ""hip_left"", ""hip_right"", ""neck"", ""nose"", ""tail_base""]","[""mouse1,mouse2,approach"", ""mouse1,mouse2,attack"", ""mouse1,mouse2,attemptmount"", ""mouse1,mouse2,mount"", ""mouse1,mouse2,sniffbody"", ""mouse1,mouse2,sniffface"", ""mouse1,mouse2,sniffgenital""]",MARS
CalMS21_supplemental,72488788,C57Bl/6J,black,male,68.0,,cable,BALB/c,white,male,,,,,,,,,,,,,,,,30.0,538.0,18.33,1024,570,35.0,15.0,rectangular,resident-intruder,"[""ear_left"", ""ear_right"", ""hip_left"", ""hip_right"", ""neck"", ""nose"", ""tail_base""]","[""mouse1,mouse2,attack"", ""mouse1,mouse2,sniff"", ""mouse1,mouse2,sniffgenital""]",MARS
CalMS21_supplemental,93380531,C57Bl/6J,black,male,75.0,,cable,BALB/c,white,male,,,,,,,,,,,,,,,,30.0,308.4,18.33,1024,570,35.0,15.0,rectangular,resident-intruder,"[""ear_left"", ""ear_right"", ""hip_left"", ""hip_right"", ""neck"", ""nose"", ""tail_base""]","[""mouse1,mouse2,dominancemount"", ""mouse1,mouse2,sniff"", ""mouse1,mouse2,sniffgenital""]",MARS
CalMS21_supplemental,109675929,C57Bl/6J,black,male,40.0,,,BALB/c,white,female,,,,,,,,,,,,,,,,30.0,876.4,18.33,1024,570,35.0,15.0,rectangular,resident-intruder,"[""ear_left"", ""ear_right"", ""hip_left"", ""hip_right"", ""neck"", ""nose"", ""tail_base""]","[""mouse1,mouse2,mount"", ""mouse1,mouse2,sniff"", ""mouse1,mouse2,sniffgenital""]",MARS
CalMS21_supplemental,110342188,C57Bl/6J,black,male,49.0,,,BALB/c,white,male,,,,,,,,,,,,,,,,30.0,654.1,18.33,1024,570,35.0,15.0,rectangular,resident-intruder,"[""ear_left"", ""ear_right"", ""hip_left"", ""hip_right"", ""neck"", ""nose"", ""tail_base""]","[""mouse1,mouse2,attack"", ""mouse1,mouse2,sniff"", ""mouse1,mouse2,sniffgenital""]",MARS
CalMS21_supplemental,119456810,C57Bl/6J,black,male,67.0,,cable,BALB/c,white,male,,,,,,,,,,,,,,,,30.0,188.9,18.33,1024,570,35.0,15.0,rectangular,resident-intruder,"[""ear_left"", ""ear_right"", ""hip_left"", ""hip_right"", ""neck"", ""nose"", ""tail_base""]","[""mouse1,mouse2,sniff"", ""mouse1,mouse2,sniffgenital""]",MARS
CalMS21_supplemental,129371066,C57Bl/6J,black,male,69.0,,cable,BALB/c,white,female,,,,,,,,,,,,,,,,30.0,308.5,18.33,1024,570,35.0,15.0,rectangular,resident-intruder,"[""ear_left"", ""ear_right"", ""hip_left"", ""hip_right"", ""neck"", ""nose"", ""tail_base""]","[""mouse1,mouse2,sniff"", ""mouse1,mouse2,sniffgenital""]",MARS
CalMS21_supplemental,139083951,C57Bl/6J,black,male,73.0,,cable,BALB/c,white,male,,,,,,,,,,,,,,,,30.0,300.1,18.33,1024,570,35.0,15.0,rectangular,resident-intruder,"[""ear_left"", ""ear_right"", ""hip_left"", ""hip_right"", ""neck"", ""nose"", ""tail_base""]","[""mouse1,mouse2,sniff"", ""mouse1,mouse2,sniffgenital""]",MARS
CalMS21_supplemental,158696718,C57Bl/6J,black,male,5.0,,,BALB/c,white,female,,,,,,,,,,,,,,,,30.0,658.7,18.33,1024,570,35.0,15.0,rectangular,resident-intruder,"[""ear_left"", ""ear_right"", ""hip_left"", ""hip_right"", ""neck"", ""nose"", ""tail_base""]","[""mouse1,mouse2,sniff"", ""mouse1,mouse2,sniffgenital""]",MARS
CalMS21_supplemental,162065037,C57Bl/6J,black,male,68.0,,cable,BALB/c,white,female,,,,,,,,,,,,,,,,30.0,930.8,18.33,1024,570,35.0,15.0,rectangular,resident-intruder,"[""ear_left"", ""ear_right"", ""hip_left"", ""hip_right"", ""neck"", ""nose"", ""tail_base""]","[""mouse1,mouse2,attemptmount"", ""mouse1,mouse2,mount"", ""mouse1,mouse2,sniff"", ""mouse1,mouse2,sniffgenital""]",MARS
CalMS21_supplemental,162657728,C57Bl/6J,black,male,55.0,,,BALB/c,white,male,,,,,,,,,,,,,,,,30.0,619.7,18.33,1024,570,35.0,15.0,rectangular,resident-intruder,"[""ear_left"", ""ear_right"", ""hip_left"", ""hip_right"", ""neck"", ""nose"", ""tail_base""]","[""mouse1,mouse2,attack"", ""mouse1,mouse2,sniff"", ""mouse1,mouse2,sniffgenital""]",MARS
CalMS21_supplemental,163541934,C57Bl/6J,black,male,69.0,,cable,BALB/c,white,male,,,,,,,,,,,,,,,,30.0,267.3,18.33,1024,570,35.0,15.0,rectangular,resident-intruder,"[""ear_left"", ""ear_right"", ""hip_left"", ""hip_right"", ""neck"", ""nose"", ""tail_base""]","[""mouse1,mouse2,sniff"", ""mouse1,mouse2,sniffgenital""]",MARS
CalMS21_supplemental,165039922,C57Bl/6J,black,male,68.0,,cable,BALB/c,white,female,,,,,,,,,,,,,,,,30.0,731.0,18.33,1024,570,35.0,15.0,rectangular,resident-intruder,"[""ear_left"", ""ear_right"", ""hip_left"", ""hip_right"", ""neck"", ""nose"", ""tail_base""]","[""mouse1,mouse2,attemptmount"", ""mouse1,mouse2,intromit"", ""mouse1,mouse2,mount"", ""mouse1,mouse2,sniff"", ""mouse1,mouse2,sniffgenital""]",MARS
CalMS21_supplemental,176648153,C57Bl/6J,black,male,69.0,,cable,BALB/c,white,male,,,,,,,,,,,,,,,,30.0,820.5,18.33,1024,570,35.0,15.0,rectangular,resident-intruder,"[""ear_left"", ""ear_right"", ""hip_left"", ""hip_right"", ""neck"", ""nose"", ""tail_base""]","[""mouse1,mouse2,attack"", ""mouse1,mouse2,dominancemount"", ""mouse1,mouse2,sniff"", ""mouse1,mouse2,sniffgenital""]",MARS
CalMS21_supplemental,182143115,C57Bl/6J,black,male,37.0,,,BALB/c,white,female,,,,,,,,,,,,,,,,30.0,908.7,18.33,1024,570,35.0,15.0,rectangular,resident-intruder,"[""ear_left"", ""ear_right"", ""hip_left"", ""hip_right"", ""neck"", ""nose"", ""tail_base""]","[""mouse1,mouse2,intromit"", ""mouse1,mouse2,mount"", ""mouse1,mouse2,sniff""]",MARS
CalMS21_supplemental,199044781,C57Bl/6J,black,male,12.0,,,BALB/c,white,male,,,,,,,,,,,,,,,,30.0,592.8,18.33,1024,570,35.0,15.0,rectangular,resident-intruder,"[""ear_left"", ""ear_right"", ""hip_left"", ""hip_right"", ""neck"", ""nose"", ""tail_base""]","[""mouse1,mouse2,attack"", ""mouse1,mouse2,sniff""]",MARS
CalMS21_supplemental,204814054,C57Bl/6J,black,male,60.0,,cabled device,BALB/c,white,male,,,,,,,,,,,,,,,,30.0,175.7,18.33,1024,570,35.0,15.0,rectangular,resident-intruder,"[""ear_left"", ""ear_right"", ""hip_left"", ""hip_right"", ""neck"", ""nose"", ""tail_base""]","[""mouse1,mouse2,approach"", ""mouse1,mouse2,attack"", ""mouse1,mouse2,attemptmount"", ""mouse1,mouse2,mount"", ""mouse1,mouse2,sniffbody"", ""mouse1,mouse2,sniffface"", ""mouse1,mouse2,sniffgenital""]",MARS
CalMS21_supplemental,206411405,C57Bl/6J,black,male,32.0,,,BALB/c,white,female,,,,,,,,,,,,,,,,30.0,895.0,18.33,1024,570,35.0,15.0,rectangular,resident-intruder,"[""ear_left"", ""ear_right"", ""hip_left"", ""hip_right"", ""neck"", ""nose"", ""tail_base""]","[""mouse1,mouse2,sniff""]",MARS
CalMS21_supplemental,247581397,C57Bl/6J,black,male,29.0,,,BALB/c,white,female,,,,,,,,,,,,,,,,30.0,955.1,18.33,1024,570,35.0,15.0,rectangular,resident-intruder,"[""ear_left"", ""ear_right"", ""hip_left"", ""hip_right"", ""neck"", ""nose"", ""tail_base""]","[""mouse1,mouse2,intromit"", ""mouse1,mouse2,mount"", ""mouse1,mouse2,sniff""]",MARS
CalMS21_supplemental,270605934,C57Bl/6J,black,male,74.0,,cable,BALB/c,white,male,,,,,,,,,,,,,,,,30.0,433.2,18.33,1024,570,35.0,15.0,rectangular,resident-intruder,"[""ear_left"", ""ear_right"", ""hip_left"", ""hip_right"", ""neck"", ""nose"", ""tail_base""]","[""mouse1,mouse2,sniff"", ""mouse1,mouse2,sniffgenital""]",MARS
CalMS21_supplemental,283078835,C57Bl/6J,black,male,54.0,,,BALB/c,white,male,,,,,,,,,,,,,,,,30.0,588.6,18.33,1024,570,35.0,15.0,rectangular,resident-intruder,"[""ear_left"", ""ear_right"", ""hip_left"", ""hip_right"", ""neck"", ""nose"", ""tail_base""]","[""mouse1,mouse2,attack"", ""mouse1,mouse2,sniff"", ""mouse1,mouse2,sniffgenital""]",MARS
CalMS21_supplemental,293032904,C57Bl/6J,black,male,56.0,,,BALB/c,white,female,,,,,,,,,,,,,,,,30.0,1056.3,18.33,1024,570,35.0,15.0,rectangular,resident-intruder,"[""ear_left"", ""ear_right"", ""hip_left"", ""hip_right"", ""neck"", ""nose"", ""tail_base""]","[""mouse1,mouse2,intromit"", ""mouse1,mouse2,mount"", ""mouse1,mouse2,sniff""]",MARS
CalMS21_supplemental,293971737,C57Bl/6J,black,male,39.0,,,BALB/c,white,female,,,,,,,,,,,,,,,,30.0,904.2,18.33,1024,570,35.0,15.0,rectangular,resident-intruder,"[""ear_left"", ""ear_right"", ""hip_left"", ""hip_right"", ""neck"", ""nose"", ""tail_base""]","[""mouse1,mouse2,intromit"", ""mouse1,mouse2,mount"", ""mouse1,mouse2,sniff""]",MARS
CalMS21_supplemental,298840331,C57Bl/6J,black,male,60.0,,cabled device,BALB/c,white,female,,,,,,,,,,,,,,,,30.0,198.0,18.33,1024,570,35.0,15.0,rectangular,resident-intruder,"[""ear_left"", ""ear_right"", ""hip_left"", ""hip_right"", ""neck"", ""nose"", ""tail_base""]","[""mouse1,mouse2,approach"", ""mouse1,mouse2,sniffbody"", ""mouse1,mouse2,sniffface"", ""mouse1,mouse2,sniffgenital""]",MARS
CalMS21_supplemental,311944917,C57Bl/6J,black,male,62.0,,cabled device,BALB/c,white,female,,,,,,,,,,,,,,,,30.0,335.5,18.33,1024,570,35.0,15.0,rectangular,resident-intruder,"[""ear_left"", ""ear_right"", ""hip_left"", ""hip_right"", ""neck"", ""nose"", ""tail_base""]","[""mouse1,mouse2,approach"", ""mouse1,mouse2,attemptmount"", ""mouse1,mouse2,mount"", ""mouse1,mouse2,sniffbody"", ""mouse1,mouse2,sniffface"", ""mouse1,mouse2,sniffgenital""]",MARS
CalMS21_supplemental,318716558,C57Bl/6J,black,male,46.0,,,BALB/c,white,female,,,,,,,,,,,,,,,,30.0,849.7,18.33,1024,570,35.0,15.0,rectangular,resident-intruder,"[""ear_left"", ""ear_right"", ""hip_left"", ""hip_right"", ""neck"", ""nose"", ""tail_base""]","[""mouse1,mouse2,sniff""]",MARS
CalMS21_supplemental,324704866,C57Bl/6J,black,male,68.0,,cable,BALB/c,white,female,,,,,,,,,,,,,,,,30.0,213.4,18.33,1024,570,35.0,15.0,rectangular,resident-intruder,"[""ear_left"", ""ear_right"", ""hip_left"", ""hip_right"", ""neck"", ""nose"", ""tail_base""]","[""mouse1,mouse2,mount"", ""mouse1,mouse2,sniff"", ""mouse1,mouse2,sniffgenital""]",MARS
CalMS21_supplemental,352625654,C57Bl/6J,black,male,12.0,,,BALB/c,white,female,,,,,,,,,,,,,,,,30.0,875.5,18.33,1024,570,35.0,15.0,rectangular,resident-intruder,"[""ear_left"", ""ear_right"", ""hip_left"", ""hip_right"", ""neck"", ""nose"", ""tail_base""]","[""mouse1,mouse2,intromit"", ""mouse1,mouse2,mount"", ""mouse1,mouse2,sniff""]",MARS
CalMS21_supplemental,358516464,C57Bl/6J,black,male,18.0,,,BALB/c,white,female,,,,,,,,,,,,,,,,30.0,891.2,18.33,1024,570,35.0,15.0,rectangular,resident-intruder,"[""ear_left"", ""ear_right"", ""hip_left"", ""hip_right"", ""neck"", ""nose"", ""tail_base""]","[""mouse1,mouse2,sniff"", ""mouse1,mouse2,sniffgenital""]",MARS
CalMS21_supplemental,379027684,C57Bl/6J,black,male,35.0,,,BALB/c,white,female,,,,,,,,,,,,,,,,30.0,886.0,18.33,1024,570,35.0,15.0,rectangular,resident-intruder,"[""ear_left"", ""ear_right"", ""hip_left"", ""hip_right"", ""neck"", ""nose"", ""tail_base""]","[""mouse1,mouse2,sniff"", ""mouse1,mouse2,sniffgenital""]",MARS
CalMS21_supplemental,379641005,C57Bl/6J,black,male,60.0,,cabled device,BALB/c,white,male,,,,,,,,,,,,,,,,30.0,145.2,18.33,1024,570,35.0,15.0,rectangular,resident-intruder,"[""ear_left"", ""ear_right"", ""hip_left"", ""hip_right"", ""neck"", ""nose"", ""tail_base""]","[""mouse1,mouse2,approach"", ""mouse1,mouse2,sniffbody"", ""mouse1,mouse2,sniffface"", ""mouse1,mouse2,sniffgenital""]",MARS
CalMS21_supplemental,397643142,C57Bl/6J,black,male,6.0,,,BALB/c,white,female,,,,,,,,,,,,,,,,30.0,183.1,18.33,1024,570,35.0,15.0,rectangular,resident-intruder,"[""ear_left"", ""ear_right"", ""hip_left"", ""hip_right"", ""neck"", ""nose"", ""tail_base""]","[""mouse1,mouse2,sniff"", ""mouse1,mouse2,sniffgenital""]",MARS
CalMS21_supplemental,398952794,C57Bl/6J,black,male,68.0,,cable,BALB/c,white,female,,,,,,,,,,,,,,,,30.0,179.5,18.33,1024,570,35.0,15.0,rectangular,resident-intruder,"[""ear_left"", ""ear_right"", ""hip_left"", ""hip_right"", ""neck"", ""nose"", ""tail_base""]","[""mouse1,mouse2,intromit"", ""mouse1,mouse2,mount"", ""mouse1,mouse2,sniff"", ""mouse1,mouse2,sniffgenital""]",MARS
CalMS21_supplemental,416793024,C57Bl/6J,black,male,68.0,,cable,BALB/c,white,male,,,,,,,,,,,,,,,,30.0,351.4,18.33,1024,570,35.0,15.0,rectangular,resident-intruder,"[""ear_left"", ""ear_right"", ""hip_left"", ""hip_right"", ""neck"", ""nose"", ""tail_base""]","[""mouse1,mouse2,dominancemount"", ""mouse1,mouse2,sniff"", ""mouse1,mouse2,sniffgenital""]",MARS
CalMS21_supplemental,419242179,C57Bl/6J,black,male,34.0,,,BALB/c,white,male,,,,,,,,,,,,,,,,30.0,1208.3,18.33,1024,570,35.0,15.0,rectangular,resident-intruder,"[""ear_left"", ""ear_right"", ""hip_left"", ""hip_right"", ""neck"", ""nose"", ""tail_base""]","[""mouse1,mouse2,dominancemount"", ""mouse1,mouse2,sniff"", ""mouse1,mouse2,sniffgenital""]",MARS
CalMS21_supplemental,423087515,C57Bl/6J,black,male,54.0,,,BALB/c,white,male,,,,,,,,,,,,,,,,30.0,609.1,18.33,1024,570,35.0,15.0,rectangular,resident-intruder,"[""ear_left"", ""ear_right"", ""hip_left"", ""hip_right"", ""neck"", ""nose"", ""tail_base""]","[""mouse1,mouse2,attack"", ""mouse1,mouse2,sniff""]",MARS
CalMS21_supplemental,427774009,C57Bl/6J,black,male,12.0,,,BALB/c,white,female,,,,,,,,,,,,,,,,30.0,589.0,18.33,1024,570,35.0,15.0,rectangular,resident-intruder,"[""ear_left"", ""ear_right"", ""hip_left"", ""hip_right"", ""neck"", ""nose"", ""tail_base""]","[""mouse1,mouse2,intromit"", ""mouse1,mouse2,mount"", ""mouse1,mouse2,sniff""]",MARS
CalMS21_supplemental,446352765,C57Bl/6J,black,male,69.0,,cable,BALB/c,white,female,,,,,,,,,,,,,,,,30.0,271.5,18.33,1024,570,35.0,15.0,rectangular,resident-intruder,"[""ear_left"", ""ear_right"", ""hip_left"", ""hip_right"", ""neck"", ""nose"", ""tail_base""]","[""mouse1,mouse2,sniff"", ""mouse1,mouse2,sniffgenital""]",MARS
CalMS21_supplemental,455337890,C57Bl/6J,black,male,1.0,,,BALB/c,white,female,,,,,,,,,,,,,,,,30.0,348.8,18.33,1024,570,35.0,15.0,rectangular,resident-intruder,"[""ear_left"", ""ear_right"", ""hip_left"", ""hip_right"", ""neck"", ""nose"", ""tail_base""]","[""mouse1,mouse2,sniff"", ""mouse1,mouse2,sniffgenital""]",MARS
CalMS21_supplemental,456109830,C57Bl/6J,black,male,20.0,,,BALB/c,white,female,,,,,,,,,,,,,,,,30.0,892.4,18.33,1024,570,35.0,15.0,rectangular,resident-intruder,"[""ear_left"", ""ear_right"", ""hip_left"", ""hip_right"", ""neck"", ""nose"", ""tail_base""]","[""mouse1,mouse2,sniff"", ""mouse1,mouse2,sniffgenital""]",MARS
CalMS21_supplemental,467701507,C57Bl/6J,black,male,38.0,,,BALB/c,white,male,,,,,,,,,,,,,,,,30.0,603.9,18.33,1024,570,35.0,15.0,rectangular,resident-intruder,"[""ear_left"", ""ear_right"", ""hip_left"", ""hip_right"", ""neck"", ""nose"", ""tail_base""]","[""mouse1,mouse2,attack"", ""mouse1,mouse2,sniff"", ""mouse1,mouse2,sniffgenital""]",MARS
CalMS21_supplemental,495791948,C57Bl/6J,black,male,34.0,,,BALB/c,white,male,,,,,,,,,,,,,,,,30.0,1210.7,18.33,1024,570,35.0,15.0,rectangular,resident-intruder,"[""ear_left"", ""ear_right"", ""hip_left"", ""hip_right"", ""neck"", ""nose"", ""tail_base""]","[""mouse1,mouse2,dominancemount"", ""mouse1,mouse2,sniff"", ""mouse1,mouse2,sniffgenital""]",MARS
CalMS21_supplemental,501836189,C57Bl/6J,black,male,63.0,,cabled device,BALB/c,white,female,,,,,,,,,,,,,,,,30.0,391.3,18.33,1024,570,35.0,15.0,rectangular,resident-intruder,"[""ear_left"", ""ear_right"", ""hip_left"", ""hip_right"", ""neck"", ""nose"", ""tail_base""]","[""mouse1,mouse2,approach"", ""mouse1,mouse2,attemptmount"", ""mouse1,mouse2,intromit"", ""mouse1,mouse2,mount"", ""mouse1,mouse2,sniffbody"", ""mouse1,mouse2,sniffface"", ""mouse1,mouse2,sniffgenital""]",MARS
CalMS21_supplemental,506737762,C57Bl/6J,black,male,60.0,,cabled device,BALB/c,white,male,,,,,,,,,,,,,,,,30.0,226.2,18.33,1024,570,35.0,15.0,rectangular,resident-intruder,"[""ear_left"", ""ear_right"", ""hip_left"", ""hip_right"", ""neck"", ""nose"", ""tail_base""]","[""mouse1,mouse2,approach"", ""mouse1,mouse2,attemptmount"", ""mouse1,mouse2,mount"", ""mouse1,mouse2,sniffbody"", ""mouse1,mouse2,sniffface"", ""mouse1,mouse2,sniffgenital""]",MARS
CalMS21_supplemental,518945549,C57Bl/6J,black,male,53.0,,,BALB/c,white,female,,,,,,,,,,,,,,,,30.0,896.2,18.33,1024,570,35.0,15.0,rectangular,resident-intruder,"[""ear_left"", ""ear_right"", ""hip_left"", ""hip_right"", ""neck"", ""nose"", ""tail_base""]","[""mouse1,mouse2,intromit"", ""mouse1,mouse2,mount"", ""mouse1,mouse2,sniff""]",MARS
CalMS21_supplemental,518985954,C57Bl/6J,black,male,1.0,,,BALB/c,white,female,,,,,,,,,,,,,,,,30.0,639.8,18.33,1024,570,35.0,15.0,rectangular,resident-intruder,"[""ear_left"", ""ear_right"", ""hip_left"", ""hip_right"", ""neck"", ""nose"", ""tail_base""]","[""mouse1,mouse2,sniff"", ""mouse1,mouse2,sniffgenital""]",MARS
CalMS21_supplemental,522883468,C57Bl/6J,black,male,70.0,,cable,BALB/c,white,female,,,,,,,,,,,,,,,,30.0,181.6,18.33,1024,570,35.0,15.0,rectangular,resident-intruder,"[""ear_left"", ""ear_right"", ""hip_left"", ""hip_right"", ""neck"", ""nose"", ""tail_base""]","[""mouse1,mouse2,sniff"", ""mouse1,mouse2,sniffgenital""]",MARS
CalMS21_supplemental,531583938,C57Bl/6J,black,male,80.0,,,BALB/c,white,female,,,,,,,,,,,,,,,,30.0,711.4,18.33,1024,570,35.0,15.0,rectangular,resident-intruder,"[""ear_left"", ""ear_right"", ""hip_left"", ""hip_right"", ""neck"", ""nose"", ""tail_base""]","[""mouse1,mouse2,sniff"", ""mouse1,mouse2,sniffgenital""]",MARS
CalMS21_supplemental,531669534,C57Bl/6J,black,male,11.0,,,BALB/c,white,female,,,,,,,,,,,,,,,,30.0,579.0,18.33,1024,570,35.0,15.0,rectangular,resident-intruder,"[""ear_left"", ""ear_right"", ""hip_left"", ""hip_right"", ""neck"", ""nose"", ""tail_base""]","[""mouse1,mouse2,intromit"", ""mouse1,mouse2,mount"", ""mouse1,mouse2,sniff""]",MARS
CalMS21_supplemental,537555916,C57Bl/6J,black,male,30.0,,,BALB/c,white,male,,,,,,,,,,,,,,,,30.0,1214.7,18.33,1024,570,35.0,15.0,rectangular,resident-intruder,"[""ear_left"", ""ear_right"", ""hip_left"", ""hip_right"", ""neck"", ""nose"", ""tail_base""]","[""mouse1,mouse2,sniff"", ""mouse1,mouse2,sniffgenital""]",MARS
CalMS21_supplemental,544047008,C57Bl/6J,black,male,23.0,,,BALB/c,white,male,,,,,,,,,,,,,,,,30.0,1201.8,18.33,1024,570,35.0,15.0,rectangular,resident-intruder,"[""ear_left"", ""ear_right"", ""hip_left"", ""hip_right"", ""neck"", ""nose"", ""tail_base""]","[""mouse1,mouse2,dominancemount"", ""mouse1,mouse2,sniff"", ""mouse1,mouse2,sniffgenital""]",MARS
CalMS21_supplemental,550605327,C57Bl/6J,black,male,2.0,,,BALB/c,white,female,,,,,,,,,,,,,,,,30.0,862.9,18.33,1024,570,35.0,15.0,rectangular,resident-intruder,"[""ear_left"", ""ear_right"", ""hip_left"", ""hip_right"", ""neck"", ""nose"", ""tail_base""]","[""mouse1,mouse2,mount"", ""mouse1,mouse2,sniff"", ""mouse1,mouse2,sniffgenital""]",MARS
CalMS21_supplemental,552808855,C57Bl/6J,black,male,52.0,,,BALB/c,white,male,,,,,,,,,,,,,,,,30.0,633.9,18.33,1024,570,35.0,15.0,rectangular,resident-intruder,"[""ear_left"", ""ear_right"", ""hip_left"", ""hip_right"", ""neck"", ""nose"", ""tail_base""]","[""mouse1,mouse2,attack"", ""mouse1,mouse2,dominancemount"", ""mouse1,mouse2,sniff"", ""mouse1,mouse2,sniffgenital""]",MARS
CalMS21_supplemental,553713693,C57Bl/6J,black,male,66.0,,cable,BALB/c,white,female,,,,,,,,,,,,,,,,30.0,135.0,18.33,1024,570,35.0,15.0,rectangular,resident-intruder,"[""ear_left"", ""ear_right"", ""hip_left"", ""hip_right"", ""neck"", ""nose"", ""tail_base""]","[""mouse1,mouse2,sniff"", ""mouse1,mouse2,sniffgenital""]",MARS
CalMS21_supplemental,560149373,C57Bl/6J,black,male,9.0,,,BALB/c,white,male,,,,,,,,,,,,,,,,30.0,593.9,18.33,1024,570,35.0,15.0,rectangular,resident-intruder,"[""ear_left"", ""ear_right"", ""hip_left"", ""hip_right"", ""neck"", ""nose"", ""tail_base""]","[""mouse1,mouse2,attack"", ""mouse1,mouse2,sniff""]",MARS
CalMS21_supplemental,564614304,C57Bl/6J,black,male,14.0,,,BALB/c,white,female,,,,,,,,,,,,,,,,30.0,870.7,18.33,1024,570,35.0,15.0,rectangular,resident-intruder,"[""ear_left"", ""ear_right"", ""hip_left"", ""hip_right"", ""neck"", ""nose"", ""tail_base""]","[""mouse1,mouse2,mount"", ""mouse1,mouse2,sniff""]",MARS
CalMS21_supplemental,566896495,C57Bl/6J,black,male,46.0,,,BALB/c,white,female,,,,,,,,,,,,,,,,30.0,897.9,18.33,1024,570,35.0,15.0,rectangular,resident-intruder,"[""ear_left"", ""ear_right"", ""hip_left"", ""hip_right"", ""neck"", ""nose"", ""tail_base""]","[""mouse1,mouse2,intromit"", ""mouse1,mouse2,mount"", ""mouse1,mouse2,sniff""]",MARS
CalMS21_supplemental,571702992,C57Bl/6J,black,male,77.0,,,BALB/c,white,female,,,,,,,,,,,,,,,,30.0,732.3,18.33,1024,570,35.0,15.0,rectangular,resident-intruder,"[""ear_left"", ""ear_right"", ""hip_left"", ""hip_right"", ""neck"", ""nose"", ""tail_base""]","[""mouse1,mouse2,sniff"", ""mouse1,mouse2,sniffgenital""]",MARS
CalMS21_supplemental,577041568,C57Bl/6J,black,male,66.0,,cable,BALB/c,white,female,,,,,,,,,,,,,,,,30.0,205.7,18.33,1024,570,35.0,15.0,rectangular,resident-intruder,"[""ear_left"", ""ear_right"", ""hip_left"", ""hip_right"", ""neck"", ""nose"", ""tail_base""]","[""mouse1,mouse2,sniff"", ""mouse1,mouse2,sniffgenital""]",MARS
CalMS21_supplemental,591324785,C57Bl/6J,black,male,71.0,,cable,BALB/c,white,male,,,,,,,,,,,,,,,,30.0,337.6,18.33,1024,570,35.0,15.0,rectangular,resident-intruder,"[""ear_left"", ""ear_right"", ""hip_left"", ""hip_right"", ""neck"", ""nose"", ""tail_base""]","[""mouse1,mouse2,attack"", ""mouse1,mouse2,dominancemount"", ""mouse1,mouse2,sniff"", ""mouse1,mouse2,sniffgenital""]",MARS
CalMS21_supplemental,598974879,C57Bl/6J,black,male,60.0,,cabled device,BALB/c,white,female,,,,,,,,,,,,,,,,30.0,421.5,18.33,1024,570,35.0,15.0,rectangular,resident-intruder,"[""ear_left"", ""ear_right"", ""hip_left"", ""hip_right"", ""neck"", ""nose"", ""tail_base""]","[""mouse1,mouse2,approach"", ""mouse1,mouse2,attemptmount"", ""mouse1,mouse2,intromit"", ""mouse1,mouse2,mount"", ""mouse1,mouse2,sniffbody"", ""mouse1,mouse2,sniffface"", ""mouse1,mouse2,sniffgenital""]",MARS
CalMS21_supplemental,605925180,C57Bl/6J,black,male,25.0,,,BALB/c,white,male,,,,,,,,,,,,,,,,30.0,555.8,18.33,1024,570,35.0,15.0,rectangular,resident-intruder,"[""ear_left"", ""ear_right"", ""hip_left"", ""hip_right"", ""neck"", ""nose"", ""tail_base""]","[""mouse1,mouse2,attack"", ""mouse1,mouse2,sniff""]",MARS
CalMS21_supplemental,650064423,C57Bl/6J,black,male,27.0,,,BALB/c,white,female,,,,,,,,,,,,,,,,30.0,941.6,18.33,1024,570,35.0,15.0,rectangular,resident-intruder,"[""ear_left"", ""ear_right"", ""hip_left"", ""hip_right"", ""neck"", ""nose"", ""tail_base""]","[""mouse1,mouse2,sniff""]",MARS
CalMS21_supplemental,659029417,C57Bl/6J,black,male,71.0,,cable,BALB/c,white,male,,,,,,,,,,,,,,,,30.0,195.5,18.33,1024,570,35.0,15.0,rectangular,resident-intruder,"[""ear_left"", ""ear_right"", ""hip_left"", ""hip_right"", ""neck"", ""nose"", ""tail_base""]","[""mouse1,mouse2,sniff""]",MARS
CalMS21_supplemental,680884492,C57Bl/6J,black,male,72.0,,cable,BALB/c,white,male,,,,,,,,,,,,,,,,30.0,343.7,18.33,1024,570,35.0,15.0,rectangular,resident-intruder,"[""ear_left"", ""ear_right"", ""hip_left"", ""hip_right"", ""neck"", ""nose"", ""tail_base""]","[""mouse1,mouse2,dominancemount"", ""mouse1,mouse2,sniff"", ""mouse1,mouse2,sniffgenital""]",MARS
CalMS21_supplemental,685535880,C57Bl/6J,black,male,67.0,,cable,BALB/c,white,female,,,,,,,,,,,,,,,,30.0,269.9,18.33,1024,570,35.0,15.0,rectangular,resident-intruder,"[""ear_left"", ""ear_right"", ""hip_left"", ""hip_right"", ""neck"", ""nose"", ""tail_base""]","[""mouse1,mouse2,mount"", ""mouse1,mouse2,sniff"", ""mouse1,mouse2,sniffgenital""]",MARS
CalMS21_supplemental,708536757,C57Bl/6J,black,male,31.0,,,BALB/c,white,female,,,,,,,,,,,,,,,,30.0,873.5,18.33,1024,570,35.0,15.0,rectangular,resident-intruder,"[""ear_left"", ""ear_right"", ""hip_left"", ""hip_right"", ""neck"", ""nose"", ""tail_base""]","[""mouse1,mouse2,mount"", ""mouse1,mouse2,sniff"", ""mouse1,mouse2,sniffgenital""]",MARS
CalMS21_supplemental,716655035,C57Bl/6J,black,male,5.0,,,BALB/c,white,female,,,,,,,,,,,,,,,,30.0,661.6,18.33,1024,570,35.0,15.0,rectangular,resident-intruder,"[""ear_left"", ""ear_right"", ""hip_left"", ""hip_right"", ""neck"", ""nose"", ""tail_base""]","[""mouse1,mouse2,sniff"", ""mouse1,mouse2,sniffgenital""]",MARS
CalMS21_supplemental,729100934,C57Bl/6J,black,male,48.0,,,BALB/c,white,male,,,,,,,,,,,,,,,,30.0,602.6,18.33,1024,570,35.0,15.0,rectangular,resident-intruder,"[""ear_left"", ""ear_right"", ""hip_left"", ""hip_right"", ""neck"", ""nose"", ""tail_base""]","[""mouse1,mouse2,attack"", ""mouse1,mouse2,dominancemount"", ""mouse1,mouse2,sniff"", ""mouse1,mouse2,sniffgenital""]",MARS
CalMS21_supplemental,737848535,C57Bl/6J,black,male,70.0,,cable,BALB/c,white,male,,,,,,,,,,,,,,,,30.0,271.2,18.33,1024,570,35.0,15.0,rectangular,resident-intruder,"[""ear_left"", ""ear_right"", ""hip_left"", ""hip_right"", ""neck"", ""nose"", ""tail_base""]","[""mouse1,mouse2,attack"", ""mouse1,mouse2,dominancemount"", ""mouse1,mouse2,sniff"", ""mouse1,mouse2,sniffgenital""]",MARS
CalMS21_supplemental,766946181,C57Bl/6J,black,male,61.0,,cabled device,BALB/c,white,female,,,,,,,,,,,,,,,,30.0,233.6,18.33,1024,570,35.0,15.0,rectangular,resident-intruder,"[""ear_left"", ""ear_right"", ""hip_left"", ""hip_right"", ""neck"", ""nose"", ""tail_base""]","[""mouse1,mouse2,approach"", ""mouse1,mouse2,mount"", ""mouse1,mouse2,sniffbody"", ""mouse1,mouse2,sniffface"", ""mouse1,mouse2,sniffgenital""]",MARS
CalMS21_supplemental,767129341,C57Bl/6J,black,male,8.0,,,BALB/c,white,female,,,,,,,,,,,,,,,,30.0,429.4,18.33,1024,570,35.0,15.0,rectangular,resident-intruder,"[""ear_left"", ""ear_right"", ""hip_left"", ""hip_right"", ""neck"", ""nose"", ""tail_base""]","[""mouse1,mouse2,sniff"", ""mouse1,mouse2,sniffgenital""]",MARS
CalMS21_supplemental,771126279,C57Bl/6J,black,male,61.0,,cabled device,BALB/c,white,female,,,,,,,,,,,,,,,,30.0,210.4,18.33,1024,570,35.0,15.0,rectangular,resident-intruder,"[""ear_left"", ""ear_right"", ""hip_left"", ""hip_right"", ""neck"", ""nose"", ""tail_base""]","[""mouse1,mouse2,approach"", ""mouse1,mouse2,sniffbody"", ""mouse1,mouse2,sniffface"", ""mouse1,mouse2,sniffgenital""]",MARS
CalMS21_supplemental,777923084,C57Bl/6J,black,male,48.0,,,BALB/c,white,female,,,,,,,,,,,,,,,,30.0,883.5,18.33,1024,570,35.0,15.0,rectangular,resident-intruder,"[""ear_left"", ""ear_right"", ""hip_left"", ""hip_right"", ""neck"", ""nose"", ""tail_base""]","[""mouse1,mouse2,intromit"", ""mouse1,mouse2,mount"", ""mouse1,mouse2,sniff"", ""mouse1,mouse2,sniffgenital""]",MARS
CalMS21_supplemental,778173181,C57Bl/6J,black,male,33.0,,,BALB/c,white,male,,,,,,,,,,,,,,,,30.0,560.0,18.33,1024,570,35.0,15.0,rectangular,resident-intruder,"[""ear_left"", ""ear_right"", ""hip_left"", ""hip_right"", ""neck"", ""nose"", ""tail_base""]","[""mouse1,mouse2,attack"", ""mouse1,mouse2,sniff""]",MARS
CalMS21_supplemental,783482595,C57Bl/6J,black,male,10.0,,,BALB/c,white,male,,,,,,,,,,,,,,,,30.0,613.3,18.33,1024,570,35.0,15.0,rectangular,resident-intruder,"[""ear_left"", ""ear_right"", ""hip_left"", ""hip_right"", ""neck"", ""nose"", ""tail_base""]","[""mouse1,mouse2,attack"", ""mouse1,mouse2,sniff""]",MARS
CalMS21_supplemental,811059680,C57Bl/6J,black,male,13.0,,,BALB/c,white,male,,,,,,,,,,,,,,,,30.0,596.9,18.33,1024,570,35.0,15.0,rectangular,resident-intruder,"[""ear_left"", ""ear_right"", ""hip_left"", ""hip_right"", ""neck"", ""nose"", ""tail_base""]","[""mouse1,mouse2,sniff""]",MARS
CalMS21_supplemental,826874848,C57Bl/6J,black,male,27.0,,,BALB/c,white,female,,,,,,,,,,,,,,,,30.0,908.4,18.33,1024,570,35.0,15.0,rectangular,resident-intruder,"[""ear_left"", ""ear_right"", ""hip_left"", ""hip_right"", ""neck"", ""nose"", ""tail_base""]","[""mouse1,mouse2,sniff""]",MARS
CalMS21_supplemental,861175984,C57Bl/6J,black,male,19.0,,,BALB/c,white,male,,,,,,,,,,,,,,,,30.0,941.1,18.33,1024,570,35.0,15.0,rectangular,resident-intruder,"[""ear_left"", ""ear_right"", ""hip_left"", ""hip_right"", ""neck"", ""nose"", ""tail_base""]","[""mouse1,mouse2,dominancemount"", ""mouse1,mouse2,sniff"", ""mouse1,mouse2,sniffgenital""]",MARS
CalMS21_supplemental,867664247,C57Bl/6J,black,male,17.0,,,BALB/c,white,male,,,,,,,,,,,,,,,,30.0,581.2,18.33,1024,570,35.0,15.0,rectangular,resident-intruder,"[""ear_left"", ""ear_right"", ""hip_left"", ""hip_right"", ""neck"", ""nose"", ""tail_base""]","[""mouse1,mouse2,attack"", ""mouse1,mouse2,sniff""]",MARS
CalMS21_supplemental,868794783,C57Bl/6J,black,male,43.0,,,BALB/c,white,female,,,,,,,,,,,,,,,,30.0,918.0,18.33,1024,570,35.0,15.0,rectangular,resident-intruder,"[""ear_left"", ""ear_right"", ""hip_left"", ""hip_right"", ""neck"", ""nose"", ""tail_base""]","[""mouse1,mouse2,intromit"", ""mouse1,mouse2,mount"", ""mouse1,mouse2,sniff""]",MARS
CalMS21_supplemental,878542442,C57Bl/6J,black,male,41.0,,,BALB/c,white,female,,,,,,,,,,,,,,,,30.0,865.1,18.33,1024,570,35.0,15.0,rectangular,resident-intruder,"[""ear_left"", ""ear_right"", ""hip_left"", ""hip_right"", ""neck"", ""nose"", ""tail_base""]","[""mouse1,mouse2,intromit"", ""mouse1,mouse2,mount"", ""mouse1,mouse2,sniff""]",MARS
CalMS21_supplemental,880329423,C57Bl/6J,black,male,51.0,,,BALB/c,white,male,,,,,,,,,,,,,,,,30.0,638.0,18.33,1024,570,35.0,15.0,rectangular,resident-intruder,"[""ear_left"", ""ear_right"", ""hip_left"", ""hip_right"", ""neck"", ""nose"", ""tail_base""]","[""mouse1,mouse2,attack"", ""mouse1,mouse2,sniff"", ""mouse1,mouse2,sniffgenital""]",MARS
CalMS21_supplemental,888737494,C57Bl/6J,black,male,58.0,,cabled device,BALB/c,white,male,,,,,,,,,,,,,,,,30.0,381.2,18.33,1024,570,35.0,15.0,rectangular,resident-intruder,"[""ear_left"", ""ear_right"", ""hip_left"", ""hip_right"", ""neck"", ""nose"", ""tail_base""]","[""mouse1,mouse2,approach"", ""mouse1,mouse2,attack"", ""mouse1,mouse2,dominancemount"", ""mouse1,mouse2,sniffbody"", ""mouse1,mouse2,sniffface"", ""mouse1,mouse2,sniffgenital""]",MARS
CalMS21_supplemental,889801833,C57Bl/6J,black,male,70.0,,cable,BALB/c,white,male,,,,,,,,,,,,,,,,30.0,137.9,18.33,1024,570,35.0,15.0,rectangular,resident-intruder,"[""ear_left"", ""ear_right"", ""hip_left"", ""hip_right"", ""neck"", ""nose"", ""tail_base""]","[""mouse1,mouse2,attack"", ""mouse1,mouse2,sniff"", ""mouse1,mouse2,sniffgenital""]",MARS
CalMS21_supplemental,895050858,C57Bl/6J,black,male,51.0,,,BALB/c,white,male,,,,,,,,,,,,,,,,30.0,556.6,18.33,1024,570,35.0,15.0,rectangular,resident-intruder,"[""ear_left"", ""ear_right"", ""hip_left"", ""hip_right"", ""neck"", ""nose"", ""tail_base""]","[""mouse1,mouse2,attack"", ""mouse1,mouse2,dominancemount"", ""mouse1,mouse2,sniff"", ""mouse1,mouse2,sniffgenital""]",MARS
CalMS21_supplemental,906511432,C57Bl/6J,black,male,64.0,,cabled device,BALB/c,white,female,,,,,,,,,,,,,,,,30.0,321.9,18.33,1024,570,35.0,15.0,rectangular,resident-intruder,"[""ear_left"", ""ear_right"", ""hip_left"", ""hip_right"", ""neck"", ""nose"", ""tail_base""]","[""mouse1,mouse2,approach"", ""mouse1,mouse2,attemptmount"", ""mouse1,mouse2,intromit"", ""mouse1,mouse2,mount"", ""mouse1,mouse2,sniffbody"", ""mouse1,mouse2,sniffface"", ""mouse1,mouse2,sniffgenital""]",MARS
CalMS21_supplemental,918178571,C57Bl/6J,black,male,50.0,,,BALB/c,white,female,,,,,,,,,,,,,,,,30.0,1001.7,18.33,1024,570,35.0,15.0,rectangular,resident-intruder,"[""ear_left"", ""ear_right"", ""hip_left"", ""hip_right"", ""neck"", ""nose"", ""tail_base""]","[""mouse1,mouse2,sniff"", ""mouse1,mouse2,sniffgenital""]",MARS
CalMS21_supplemental,950513978,C57Bl/6J,black,male,37.0,,,BALB/c,white,female,,,,,,,,,,,,,,,,30.0,928.8,18.33,1024,570,35.0,15.0,rectangular,resident-intruder,"[""ear_left"", ""ear_right"", ""hip_left"", ""hip_right"", ""neck"", ""nose"", ""tail_base""]","[""mouse1,mouse2,intromit"", ""mouse1,mouse2,mount"", ""mouse1,mouse2,sniff""]",MARS
CalMS21_supplemental,950827076,C57Bl/6J,black,male,64.0,,cabled device,BALB/c,white,male,,,,,,,,,,,,,,,,30.0,308.2,18.33,1024,570,35.0,15.0,rectangular,resident-intruder,"[""ear_left"", ""ear_right"", ""hip_left"", ""hip_right"", ""neck"", ""nose"", ""tail_base""]","[""mouse1,mouse2,approach"", ""mouse1,mouse2,attack"", ""mouse1,mouse2,dominancemount"", ""mouse1,mouse2,sniffbody"", ""mouse1,mouse2,sniffface"", ""mouse1,mouse2,sniffgenital""]",MARS
CalMS21_supplemental,961918556,C57Bl/6J,black,male,1.0,,,BALB/c,white,female,,,,,,,,,,,,,,,,30.0,634.7,18.33,1024,570,35.0,15.0,rectangular,resident-intruder,"[""ear_left"", ""ear_right"", ""hip_left"", ""hip_right"", ""neck"", ""nose"", ""tail_base""]","[""mouse1,mouse2,sniff"", ""mouse1,mouse2,sniffgenital""]",MARS
CalMS21_supplemental,973541620,C57Bl/6J,black,male,37.0,,,BALB/c,white,female,,,,,,,,,,,,,,,,30.0,902.1,18.33,1024,570,35.0,15.0,rectangular,resident-intruder,"[""ear_left"", ""ear_right"", ""hip_left"", ""hip_right"", ""neck"", ""nose"", ""tail_base""]","[""mouse1,mouse2,sniff""]",MARS
CalMS21_supplemental,979756439,C57Bl/6J,black,male,75.0,,cable,BALB/c,white,male,,,,,,,,,,,,,,,,30.0,355.0,18.33,1024,570,35.0,15.0,rectangular,resident-intruder,"[""ear_left"", ""ear_right"", ""hip_left"", ""hip_right"", ""neck"", ""nose"", ""tail_base""]","[""mouse1,mouse2,dominancemount"", ""mouse1,mouse2,sniff"", ""mouse1,mouse2,sniffgenital""]",MARS
CalMS21_supplemental,986093463,C57Bl/6J,black,male,15.0,,,BALB/c,white,female,,,,,,,,,,,,,,,,30.0,577.6,18.33,1024,570,35.0,15.0,rectangular,resident-intruder,"[""ear_left"", ""ear_right"", ""hip_left"", ""hip_right"", ""neck"", ""nose"", ""tail_base""]","[""mouse1,mouse2,intromit"", ""mouse1,mouse2,mount"", ""mouse1,mouse2,sniff""]",MARS
CalMS21_supplemental,996373370,C57Bl/6J,black,male,34.0,,,BALB/c,white,male,,,,,,,,,,,,,,,,30.0,1233.0,18.33,1024,570,35.0,15.0,rectangular,resident-intruder,"[""ear_left"", ""ear_right"", ""hip_left"", ""hip_right"", ""neck"", ""nose"", ""tail_base""]","[""mouse1,mouse2,sniff"", ""mouse1,mouse2,sniffgenital""]",MARS
CalMS21_supplemental,997548234,C57Bl/6J,black,male,61.0,,cabled device,BALB/c,white,female,,,,,,,,,,,,,,,,30.0,161.9,18.33,1024,570,35.0,15.0,rectangular,resident-intruder,"[""ear_left"", ""ear_right"", ""hip_left"", ""hip_right"", ""neck"", ""nose"", ""tail_base""]","[""mouse1,mouse2,approach"", ""mouse1,mouse2,sniffbody"", ""mouse1,mouse2,sniffface"", ""mouse1,mouse2,sniffgenital""]",MARS
CalMS21_supplemental,1006083669,C57Bl/6J,black,male,69.0,,cable,BALB/c,white,female,,,,,,,,,,,,,,,,30.0,612.5,18.33,1024,570,35.0,15.0,rectangular,resident-intruder,"[""ear_left"", ""ear_right"", ""hip_left"", ""hip_right"", ""neck"", ""nose"", ""tail_base""]","[""mouse1,mouse2,attemptmount"", ""mouse1,mouse2,intromit"", ""mouse1,mouse2,mount"", ""mouse1,mouse2,sniff"", ""mouse1,mouse2,sniffgenital""]",MARS
CalMS21_supplemental,1012566686,C57Bl/6J,black,male,35.0,,,BALB/c,white,female,,,,,,,,,,,,,,,,30.0,887.8,18.33,1024,570,35.0,15.0,rectangular,resident-intruder,"[""ear_left"", ""ear_right"", ""hip_left"", ""hip_right"", ""neck"", ""nose"", ""tail_base""]","[""mouse1,mouse2,sniff"", ""mouse1,mouse2,sniffgenital""]",MARS
CalMS21_supplemental,1012566850,C57Bl/6J,black,male,67.0,,cable,BALB/c,white,male,,,,,,,,,,,,,,,,30.0,650.1,18.33,1024,570,35.0,15.0,rectangular,resident-intruder,"[""ear_left"", ""ear_right"", ""hip_left"", ""hip_right"", ""neck"", ""nose"", ""tail_base""]","[""mouse1,mouse2,sniff"", ""mouse1,mouse2,sniffgenital""]",MARS
CalMS21_supplemental,1013428301,C57Bl/6J,black,male,63.0,,cabled device,BALB/c,white,female,,,,,,,,,,,,,,,,30.0,351.8,18.33,1024,570,35.0,15.0,rectangular,resident-intruder,"[""ear_left"", ""ear_right"", ""hip_left"", ""hip_right"", ""neck"", ""nose"", ""tail_base""]","[""mouse1,mouse2,approach"", ""mouse1,mouse2,sniffbody"", ""mouse1,mouse2,sniffface"", ""mouse1,mouse2,sniffgenital""]",MARS
CalMS21_supplemental,1014350333,C57Bl/6J,black,male,75.0,,cable,BALB/c,white,female,,,,,,,,,,,,,,,,30.0,216.0,18.33,1024,570,35.0,15.0,rectangular,resident-intruder,"[""ear_left"", ""ear_right"", ""hip_left"", ""hip_right"", ""neck"", ""nose"", ""tail_base""]","[""mouse1,mouse2,sniff"", ""mouse1,mouse2,sniffgenital""]",MARS
CalMS21_supplemental,1015291592,C57Bl/6J,black,male,44.0,,,BALB/c,white,female,,,,,,,,,,,,,,,,30.0,907.1,18.33,1024,570,35.0,15.0,rectangular,resident-intruder,"[""ear_left"", ""ear_right"", ""hip_left"", ""hip_right"", ""neck"", ""nose"", ""tail_base""]","[""mouse1,mouse2,sniff""]",MARS
CalMS21_supplemental,1017236040,C57Bl/6J,black,male,64.0,,cabled device,BALB/c,white,male,,,,,,,,,,,,,,,,30.0,362.0,18.33,1024,570,35.0,15.0,rectangular,resident-intruder,"[""ear_left"", ""ear_right"", ""hip_left"", ""hip_right"", ""neck"", ""nose"", ""tail_base""]","[""mouse1,mouse2,approach"", ""mouse1,mouse2,attack"", ""mouse1,mouse2,dominancemount"", ""mouse1,mouse2,sniffbody"", ""mouse1,mouse2,sniffface"", ""mouse1,mouse2,sniffgenital""]",MARS
CalMS21_supplemental,1019240807,C57Bl/6J,black,male,64.0,,cabled device,BALB/c,white,female,,,,,,,,,,,,,,,,30.0,236.2,18.33,1024,570,35.0,15.0,rectangular,resident-intruder,"[""ear_left"", ""ear_right"", ""hip_left"", ""hip_right"", ""neck"", ""nose"", ""tail_base""]","[""mouse1,mouse2,approach"", ""mouse1,mouse2,sniffbody"", ""mouse1,mouse2,sniffface"", ""mouse1,mouse2,sniffgenital""]",MARS
CalMS21_supplemental,1032773418,C57Bl/6J,black,male,45.0,,,BALB/c,white,male,,,,,,,,,,,,,,,,30.0,1204.2,18.33,1024,570,35.0,15.0,rectangular,resident-intruder,"[""ear_left"", ""ear_right"", ""hip_left"", ""hip_right"", ""neck"", ""nose"", ""tail_base""]","[""mouse1,mouse2,attack"", ""mouse1,mouse2,dominancemount"", ""mouse1,mouse2,sniff"", ""mouse1,mouse2,sniffgenital""]",MARS
CalMS21_supplemental,1039672228,C57Bl/6J,black,male,44.0,,,BALB/c,white,female,,,,,,,,,,,,,,,,30.0,913.5,18.33,1024,570,35.0,15.0,rectangular,resident-intruder,"[""ear_left"", ""ear_right"", ""hip_left"", ""hip_right"", ""neck"", ""nose"", ""tail_base""]","[""mouse1,mouse2,sniff""]",MARS
CalMS21_supplemental,1047608795,C57Bl/6J,black,male,74.0,,cable,BALB/c,white,female,,,,,,,,,,,,,,,,30.0,193.4,18.33,1024,570,35.0,15.0,rectangular,resident-intruder,"[""ear_left"", ""ear_right"", ""hip_left"", ""hip_right"", ""neck"", ""nose"", ""tail_base""]","[""mouse1,mouse2,sniff"", ""mouse1,mouse2,sniffgenital""]",MARS
CalMS21_supplemental,1082445110,C57Bl/6J,black,male,67.0,,cable,BALB/c,white,male,,,,,,,,,,,,,,,,30.0,134.1,18.33,1024,570,35.0,15.0,rectangular,resident-intruder,"[""ear_left"", ""ear_right"", ""hip_left"", ""hip_right"", ""neck"", ""nose"", ""tail_base""]","[""mouse1,mouse2,sniff"", ""mouse1,mouse2,sniffgenital""]",MARS
CalMS21_supplemental,1085810295,C57Bl/6J,black,male,26.0,,,BALB/c,white,male,,,,,,,,,,,,,,,,30.0,916.6,18.33,1024,570,35.0,15.0,rectangular,resident-intruder,"[""ear_left"", ""ear_right"", ""hip_left"", ""hip_right"", ""neck"", ""nose"", ""tail_base""]","[""mouse1,mouse2,attack"", ""mouse1,mouse2,dominancemount"", ""mouse1,mouse2,sniff"", ""mouse1,mouse2,sniffgenital""]",MARS
CalMS21_supplemental,1088021251,C57Bl/6J,black,male,72.0,,cable,BALB/c,white,male,,,,,,,,,,,,,,,,30.0,266.7,18.33,1024,570,35.0,15.0,rectangular,resident-intruder,"[""ear_left"", ""ear_right"", ""hip_left"", ""hip_right"", ""neck"", ""nose"", ""tail_base""]","[""mouse1,mouse2,dominancemount"", ""mouse1,mouse2,sniff"", ""mouse1,mouse2,sniffgenital""]",MARS
CalMS21_supplemental,1092798869,C57Bl/6J,black,male,38.0,,,BALB/c,white,male,,,,,,,,,,,,,,,,30.0,652.2,18.33,1024,570,35.0,15.0,rectangular,resident-intruder,"[""ear_left"", ""ear_right"", ""hip_left"", ""hip_right"", ""neck"", ""nose"", ""tail_base""]","[""mouse1,mouse2,attack"", ""mouse1,mouse2,dominancemount"", ""mouse1,mouse2,sniff"", ""mouse1,mouse2,sniffgenital""]",MARS
CalMS21_supplemental,1094348590,C57Bl/6J,black,male,58.0,,cabled device,BALB/c,white,female,,,,,,,,,,,,,,,,30.0,343.3,18.33,1024,570,35.0,15.0,rectangular,resident-intruder,"[""ear_left"", ""ear_right"", ""hip_left"", ""hip_right"", ""neck"", ""nose"", ""tail_base""]","[""mouse1,mouse2,approach"", ""mouse1,mouse2,attemptmount"", ""mouse1,mouse2,mount"", ""mouse1,mouse2,sniffbody"", ""mouse1,mouse2,sniffface"", ""mouse1,mouse2,sniffgenital""]",MARS
CalMS21_supplemental,1105042798,C57Bl/6J,black,male,18.0,,,BALB/c,white,female,,,,,,,,,,,,,,,,30.0,873.0,18.33,1024,570,35.0,15.0,rectangular,resident-intruder,"[""ear_left"", ""ear_right"", ""hip_left"", ""hip_right"", ""neck"", ""nose"", ""tail_base""]","[""mouse1,mouse2,mount"", ""mouse1,mouse2,sniff"", ""mouse1,mouse2,sniffgenital""]",MARS
CalMS21_supplemental,1116444590,C57Bl/6J,black,male,22.0,,,BALB/c,white,male,,,,,,,,,,,,,,,,30.0,606.6,18.33,1024,570,35.0,15.0,rectangular,resident-intruder,"[""ear_left"", ""ear_right"", ""hip_left"", ""hip_right"", ""neck"", ""nose"", ""tail_base""]","[""mouse1,mouse2,attack"", ""mouse1,mouse2,sniff"", ""mouse1,mouse2,sniffgenital""]",MARS
CalMS21_supplemental,1132476818,C57Bl/6J,black,male,43.0,,,BALB/c,white,female,,,,,,,,,,,,,,,,30.0,919.6,18.33,1024,570,35.0,15.0,rectangular,resident-intruder,"[""ear_left"", ""ear_right"", ""hip_left"", ""hip_right"", ""neck"", ""nose"", ""tail_base""]","[""mouse1,mouse2,intromit"", ""mouse1,mouse2,mount"", ""mouse1,mouse2,sniff""]",MARS
CalMS21_supplemental,1133807709,C57Bl/6J,black,male,57.0,,,BALB/c,white,male,,,,,,,,,,,,,,,,30.0,618.0,18.33,1024,570,35.0,15.0,rectangular,resident-intruder,"[""ear_left"", ""ear_right"", ""hip_left"", ""hip_right"", ""neck"", ""nose"", ""tail_base""]","[""mouse1,mouse2,attack"", ""mouse1,mouse2,sniff"", ""mouse1,mouse2,sniffgenital""]",MARS
CalMS21_supplemental,1138789923,C57Bl/6J,black,male,45.0,,,BALB/c,white,male,,,,,,,,,,,,,,,,30.0,1207.9,18.33,1024,570,35.0,15.0,rectangular,resident-intruder,"[""ear_left"", ""ear_right"", ""hip_left"", ""hip_right"", ""neck"", ""nose"", ""tail_base""]","[""mouse1,mouse2,attack"", ""mouse1,mouse2,dominancemount"", ""mouse1,mouse2,sniff"", ""mouse1,mouse2,sniffgenital""]",MARS
CalMS21_supplemental,1142036064,C57Bl/6J,black,male,67.0,,cable,BALB/c,white,female,,,,,,,,,,,,,,,,30.0,925.7,18.33,1024,570,35.0,15.0,rectangular,resident-intruder,"[""ear_left"", ""ear_right"", ""hip_left"", ""hip_right"", ""neck"", ""nose"", ""tail_base""]","[""mouse1,mouse2,attemptmount"", ""mouse1,mouse2,intromit"", ""mouse1,mouse2,mount"", ""mouse1,mouse2,sniff"", ""mouse1,mouse2,sniffgenital""]",MARS
CalMS21_supplemental,1149399074,C57Bl/6J,black,male,19.0,,,BALB/c,white,male,,,,,,,,,,,,,,,,30.0,879.9,18.33,1024,570,35.0,15.0,rectangular,resident-intruder,"[""ear_left"", ""ear_right"", ""hip_left"", ""hip_right"", ""neck"", ""nose"", ""tail_base""]","[""mouse1,mouse2,attack"", ""mouse1,mouse2,dominancemount"", ""mouse1,mouse2,sniff"", ""mouse1,mouse2,sniffgenital""]",MARS
CalMS21_supplemental,1161382388,C57Bl/6J,black,male,47.0,,,BALB/c,white,male,,,,,,,,,,,,,,,,30.0,1165.9,18.33,1024,570,35.0,15.0,rectangular,resident-intruder,"[""ear_left"", ""ear_right"", ""hip_left"", ""hip_right"", ""neck"", ""nose"", ""tail_base""]","[""mouse1,mouse2,attack"", ""mouse1,mouse2,dominancemount"", ""mouse1,mouse2,sniff"", ""mouse1,mouse2,sniffgenital""]",MARS
CalMS21_supplemental,1161513440,C57Bl/6J,black,male,18.0,,,BALB/c,white,female,,,,,,,,,,,,,,,,30.0,887.0,18.33,1024,570,35.0,15.0,rectangular,resident-intruder,"[""ear_left"", ""ear_right"", ""hip_left"", ""hip_right"", ""neck"", ""nose"", ""tail_base""]","[""mouse1,mouse2,mount"", ""mouse1,mouse2,sniff"", ""mouse1,mouse2,sniffgenital""]",MARS
CalMS21_supplemental,1185620508,C57Bl/6J,black,male,13.0,,,BALB/c,white,male,,,,,,,,,,,,,,,,30.0,608.2,18.33,1024,570,35.0,15.0,rectangular,resident-intruder,"[""ear_left"", ""ear_right"", ""hip_left"", ""hip_right"", ""neck"", ""nose"", ""tail_base""]","[""mouse1,mouse2,attack"", ""mouse1,mouse2,sniff""]",MARS
CalMS21_supplemental,1197353862,C57Bl/6J,black,male,59.0,,cabled device,BALB/c,white,male,,,,,,,,,,,,,,,,30.0,389.0,18.33,1024,570,35.0,15.0,rectangular,resident-intruder,"[""ear_left"", ""ear_right"", ""hip_left"", ""hip_right"", ""neck"", ""nose"", ""tail_base""]","[""mouse1,mouse2,approach"", ""mouse1,mouse2,sniffbody"", ""mouse1,mouse2,sniffface"", ""mouse1,mouse2,sniffgenital""]",MARS
CalMS21_supplemental,1231968667,C57Bl/6J,black,male,3.0,,,BALB/c,white,female,,,,,,,,,,,,,,,,30.0,637.4,18.33,1024,570,35.0,15.0,rectangular,resident-intruder,"[""ear_left"", ""ear_right"", ""hip_left"", ""hip_right"", ""neck"", ""nose"", ""tail_base""]","[""mouse1,mouse2,sniff"", ""mouse1,mouse2,sniffgenital""]",MARS
CalMS21_supplemental,1267508818,C57Bl/6J,black,male,59.0,,cabled device,BALB/c,white,female,,,,,,,,,,,,,,,,30.0,266.9,18.33,1024,570,35.0,15.0,rectangular,resident-intruder,"[""ear_left"", ""ear_right"", ""hip_left"", ""hip_right"", ""neck"", ""nose"", ""tail_base""]","[""mouse1,mouse2,approach"", ""mouse1,mouse2,mount"", ""mouse1,mouse2,sniffbody"", ""mouse1,mouse2,sniffface"", ""mouse1,mouse2,sniffgenital""]",MARS
CalMS21_supplemental,1277377564,C57Bl/6J,black,male,60.0,,cabled device,BALB/c,white,male,,,,,,,,,,,,,,,,30.0,174.3,18.33,1024,570,35.0,15.0,rectangular,resident-intruder,"[""ear_left"", ""ear_right"", ""hip_left"", ""hip_right"", ""neck"", ""nose"", ""tail_base""]","[""mouse1,mouse2,approach"", ""mouse1,mouse2,attemptmount"", ""mouse1,mouse2,mount"", ""mouse1,mouse2,sniffbody"", ""mouse1,mouse2,sniffface"", ""mouse1,mouse2,sniffgenital""]",MARS
CalMS21_supplemental,1278319432,C57Bl/6J,black,male,60.0,,cabled device,BALB/c,white,female,,,,,,,,,,,,,,,,30.0,196.5,18.33,1024,570,35.0,15.0,rectangular,resident-intruder,"[""ear_left"", ""ear_right"", ""hip_left"", ""hip_right"", ""neck"", ""nose"", ""tail_base""]","[""mouse1,mouse2,approach"", ""mouse1,mouse2,sniffbody"", ""mouse1,mouse2,sniffface"", ""mouse1,mouse2,sniffgenital""]",MARS
CalMS21_supplemental,1293027619,C57Bl/6J,black,male,68.0,,cable,BALB/c,white,female,,,,,,,,,,,,,,,,30.0,177.7,18.33,1024,570,35.0,15.0,rectangular,resident-intruder,"[""ear_left"", ""ear_right"", ""hip_left"", ""hip_right"", ""neck"", ""nose"", ""tail_base""]","[""mouse1,mouse2,attemptmount"", ""mouse1,mouse2,mount"", ""mouse1,mouse2,sniff"", ""mouse1,mouse2,sniffgenital""]",MARS
CalMS21_supplemental,1301288495,C57Bl/6J,black,male,15.0,,,BALB/c,white,female,,,,,,,,,,,,,,,,30.0,866.9,18.33,1024,570,35.0,15.0,rectangular,resident-intruder,"[""ear_left"", ""ear_right"", ""hip_left"", ""hip_right"", ""neck"", ""nose"", ""tail_base""]","[""mouse1,mouse2,intromit"", ""mouse1,mouse2,mount"", ""mouse1,mouse2,sniff""]",MARS
CalMS21_supplemental,1320201420,C57Bl/6J,black,male,9.0,,,BALB/c,white,female,,,,,,,,,,,,,,,,30.0,867.9,18.33,1024,570,35.0,15.0,rectangular,resident-intruder,"[""ear_left"", ""ear_right"", ""hip_left"", ""hip_right"", ""neck"", ""nose"", ""tail_base""]","[""mouse1,mouse2,intromit"", ""mouse1,mouse2,mount"", ""mouse1,mouse2,sniff""]",MARS
CalMS21_supplemental,1327458782,C57Bl/6J,black,male,64.0,,cabled device,BALB/c,white,female,,,,,,,,,,,,,,,,30.0,474.3,18.33,1024,570,35.0,15.0,rectangular,resident-intruder,"[""ear_left"", ""ear_right"", ""hip_left"", ""hip_right"", ""neck"", ""nose"", ""tail_base""]","[""mouse1,mouse2,approach"", ""mouse1,mouse2,attemptmount"", ""mouse1,mouse2,intromit"", ""mouse1,mouse2,mount"", ""mouse1,mouse2,sniff"", ""mouse1,mouse2,sniffbody"", ""mouse1,mouse2,sniffface"", ""mouse1,mouse2,sniffgenital""]",MARS
CalMS21_supplemental,1356723283,C57Bl/6J,black,male,68.0,,cable,BALB/c,white,male,,,,,,,,,,,,,,,,30.0,121.5,18.33,1024,570,35.0,15.0,rectangular,resident-intruder,"[""ear_left"", ""ear_right"", ""hip_left"", ""hip_right"", ""neck"", ""nose"", ""tail_base""]","[""mouse1,mouse2,sniff"", ""mouse1,mouse2,sniffgenital""]",MARS
CalMS21_supplemental,1369858702,C57Bl/6J,black,male,14.0,,,BALB/c,white,male,,,,,,,,,,,,,,,,30.0,594.9,18.33,1024,570,35.0,15.0,rectangular,resident-intruder,"[""ear_left"", ""ear_right"", ""hip_left"", ""hip_right"", ""neck"", ""nose"", ""tail_base""]","[""mouse1,mouse2,attack"", ""mouse1,mouse2,sniff""]",MARS
CalMS21_supplemental,1383011506,C57Bl/6J,black,male,69.0,,cable,BALB/c,white,male,,,,,,,,,,,,,,,,30.0,235.1,18.33,1024,570,35.0,15.0,rectangular,resident-intruder,"[""ear_left"", ""ear_right"", ""hip_left"", ""hip_right"", ""neck"", ""nose"", ""tail_base""]","[""mouse1,mouse2,attack"", ""mouse1,mouse2,dominancemount"", ""mouse1,mouse2,sniff"", ""mouse1,mouse2,sniffgenital""]",MARS
CalMS21_supplemental,1411405064,C57Bl/6J,black,male,17.0,,,BALB/c,white,male,,,,,,,,,,,,,,,,30.0,591.5,18.33,1024,570,35.0,15.0,rectangular,resident-intruder,"[""ear_left"", ""ear_right"", ""hip_left"", ""hip_right"", ""neck"", ""nose"", ""tail_base""]","[""mouse1,mouse2,attack"", ""mouse1,mouse2,sniff""]",MARS
CalMS21_supplemental,1431927054,C57Bl/6J,black,male,63.0,,cabled device,BALB/c,white,male,,,,,,,,,,,,,,,,30.0,330.8,18.33,1024,570,35.0,15.0,rectangular,resident-intruder,"[""ear_left"", ""ear_right"", ""hip_left"", ""hip_right"", ""neck"", ""nose"", ""tail_base""]","[""mouse1,mouse2,approach"", ""mouse1,mouse2,attemptmount"", ""mouse1,mouse2,mount"", ""mouse1,mouse2,sniffbody"", ""mouse1,mouse2,sniffface"", ""mouse1,mouse2,sniffgenital""]",MARS
CalMS21_supplemental,1432635091,C57Bl/6J,black,male,73.0,,cable,BALB/c,white,male,,,,,,,,,,,,,,,,30.0,209.6,18.33,1024,570,35.0,15.0,rectangular,resident-intruder,"[""ear_left"", ""ear_right"", ""hip_left"", ""hip_right"", ""neck"", ""nose"", ""tail_base""]","[""mouse1,mouse2,sniff"", ""mouse1,mouse2,sniffgenital""]",MARS
CalMS21_supplemental,1433266993,C57Bl/6J,black,male,33.0,,,BALB/c,white,male,,,,,,,,,,,,,,,,30.0,640.0,18.33,1024,570,35.0,15.0,rectangular,resident-intruder,"[""ear_left"", ""ear_right"", ""hip_left"", ""hip_right"", ""neck"", ""nose"", ""tail_base""]","[""mouse1,mouse2,attack"", ""mouse1,mouse2,dominancemount"", ""mouse1,mouse2,sniff""]",MARS
CalMS21_supplemental,1450277210,C57Bl/6J,black,male,51.0,,,BALB/c,white,male,,,,,,,,,,,,,,,,30.0,563.9,18.33,1024,570,35.0,15.0,rectangular,resident-intruder,"[""ear_left"", ""ear_right"", ""hip_left"", ""hip_right"", ""neck"", ""nose"", ""tail_base""]","[""mouse1,mouse2,attack"", ""mouse1,mouse2,sniff""]",MARS
CalMS21_supplemental,1458368239,C57Bl/6J,black,male,66.0,,cable,BALB/c,white,male,,,,,,,,,,,,,,,,30.0,164.5,18.33,1024,570,35.0,15.0,rectangular,resident-intruder,"[""ear_left"", ""ear_right"", ""hip_left"", ""hip_right"", ""neck"", ""nose"", ""tail_base""]","[""mouse1,mouse2,attack"", ""mouse1,mouse2,dominancemount"", ""mouse1,mouse2,sniff"", ""mouse1,mouse2,sniffgenital""]",MARS
CalMS21_supplemental,1465225735,C57Bl/6J,black,male,23.0,,,BALB/c,white,male,,,,,,,,,,,,,,,,30.0,621.8,18.33,1024,570,35.0,15.0,rectangular,resident-intruder,"[""ear_left"", ""ear_right"", ""hip_left"", ""hip_right"", ""neck"", ""nose"", ""tail_base""]","[""mouse1,mouse2,attack"", ""mouse1,mouse2,dominancemount"", ""mouse1,mouse2,sniff""]",MARS
CalMS21_supplemental,1465845118,C57Bl/6J,black,male,21.0,,,BALB/c,white,female,,,,,,,,,,,,,,,,30.0,884.2,18.33,1024,570,35.0,15.0,rectangular,resident-intruder,"[""ear_left"", ""ear_right"", ""hip_left"", ""hip_right"", ""neck"", ""nose"", ""tail_base""]","[""mouse1,mouse2,mount"", ""mouse1,mouse2,sniff"", ""mouse1,mouse2,sniffgenital""]",MARS
CalMS21_supplemental,1480402902,C57Bl/6J,black,male,15.0,,,BALB/c,white,male,,,,,,,,,,,,,,,,30.0,592.9,18.33,1024,570,35.0,15.0,rectangular,resident-intruder,"[""ear_left"", ""ear_right"", ""hip_left"", ""hip_right"", ""neck"", ""nose"", ""tail_base""]","[""mouse1,mouse2,attack"", ""mouse1,mouse2,dominancemount"", ""mouse1,mouse2,sniff""]",MARS
CalMS21_supplemental,1491960718,C57Bl/6J,black,male,61.0,,cabled device,BALB/c,white,female,,,,,,,,,,,,,,,,30.0,190.5,18.33,1024,570,35.0,15.0,rectangular,resident-intruder,"[""ear_left"", ""ear_right"", ""hip_left"", ""hip_right"", ""neck"", ""nose"", ""tail_base""]","[""mouse1,mouse2,approach"", ""mouse1,mouse2,sniffbody"", ""mouse1,mouse2,sniffface"", ""mouse1,mouse2,sniffgenital""]",MARS
CalMS21_supplemental,1498476778,C57Bl/6J,black,male,57.0,,,BALB/c,white,male,,,,,,,,,,,,,,,,30.0,647.6,18.33,1024,570,35.0,15.0,rectangular,resident-intruder,"[""ear_left"", ""ear_right"", ""hip_left"", ""hip_right"", ""neck"", ""nose"", ""tail_base""]","[""mouse1,mouse2,attack"", ""mouse1,mouse2,dominancemount"", ""mouse1,mouse2,sniff"", ""mouse1,mouse2,sniffgenital""]",MARS
CalMS21_supplemental,1500887132,C57Bl/6J,black,male,13.0,,,BALB/c,white,female,,,,,,,,,,,,,,,,30.0,600.0,18.33,1024,570,35.0,15.0,rectangular,resident-intruder,"[""ear_left"", ""ear_right"", ""hip_left"", ""hip_right"", ""neck"", ""nose"", ""tail_base""]","[""mouse1,mouse2,sniff""]",MARS
CalMS21_supplemental,1501429415,C57Bl/6J,black,male,70.0,,cable,BALB/c,white,male,,,,,,,,,,,,,,,,30.0,198.2,18.33,1024,570,35.0,15.0,rectangular,resident-intruder,"[""ear_left"", ""ear_right"", ""hip_left"", ""hip_right"", ""neck"", ""nose"", ""tail_base""]","[""mouse1,mouse2,attack"", ""mouse1,mouse2,dominancemount"", ""mouse1,mouse2,sniff"", ""mouse1,mouse2,sniffgenital""]",MARS
CalMS21_supplemental,1505228483,C57Bl/6J,black,male,59.0,,cabled device,BALB/c,white,male,,,,,,,,,,,,,,,,30.0,282.1,18.33,1024,570,35.0,15.0,rectangular,resident-intruder,"[""ear_left"", ""ear_right"", ""hip_left"", ""hip_right"", ""neck"", ""nose"", ""tail_base""]","[""mouse1,mouse2,approach"", ""mouse1,mouse2,attemptmount"", ""mouse1,mouse2,mount"", ""mouse1,mouse2,sniffbody"", ""mouse1,mouse2,sniffface"", ""mouse1,mouse2,sniffgenital""]",MARS
CalMS21_supplemental,1508568688,C57Bl/6J,black,male,14.0,,,BALB/c,white,female,,,,,,,,,,,,,,,,30.0,872.9,18.33,1024,570,35.0,15.0,rectangular,resident-intruder,"[""ear_left"", ""ear_right"", ""hip_left"", ""hip_right"", ""neck"", ""nose"", ""tail_base""]","[""mouse1,mouse2,intromit"", ""mouse1,mouse2,mount"", ""mouse1,mouse2,sniff""]",MARS
CalMS21_supplemental,1512101591,C57Bl/6J,black,male,66.0,,cable,BALB/c,white,male,,,,,,,,,,,,,,,,30.0,192.7,18.33,1024,570,35.0,15.0,rectangular,resident-intruder,"[""ear_left"", ""ear_right"", ""hip_left"", ""hip_right"", ""neck"", ""nose"", ""tail_base""]","[""mouse1,mouse2,attack"", ""mouse1,mouse2,sniff"", ""mouse1,mouse2,sniffgenital""]",MARS
CalMS21_supplemental,1516524771,C57Bl/6J,black,male,27.0,,,BALB/c,white,female,,,,,,,,,,,,,,,,30.0,904.6,18.33,1024,570,35.0,15.0,rectangular,resident-intruder,"[""ear_left"", ""ear_right"", ""hip_left"", ""hip_right"", ""neck"", ""nose"", ""tail_base""]","[""mouse1,mouse2,mount"", ""mouse1,mouse2,sniff""]",MARS
CalMS21_supplemental,1523817911,C57Bl/6J,black,male,7.0,,,BALB/c,white,female,,,,,,,,,,,,,,,,30.0,487.5,18.33,1024,570,35.0,15.0,rectangular,resident-intruder,"[""ear_left"", ""ear_right"", ""hip_left"", ""hip_right"", ""neck"", ""nose"", ""tail_base""]","[""mouse1,mouse2,sniff"", ""mouse1,mouse2,sniffgenital""]",MARS
CalMS21_supplemental,1525217575,C57Bl/6J,black,male,40.0,,,BALB/c,white,female,,,,,,,,,,,,,,,,30.0,888.3,18.33,1024,570,35.0,15.0,rectangular,resident-intruder,"[""ear_left"", ""ear_right"", ""hip_left"", ""hip_right"", ""neck"", ""nose"", ""tail_base""]","[""mouse1,mouse2,mount"", ""mouse1,mouse2,sniff"", ""mouse1,mouse2,sniffgenital""]",MARS
CalMS21_supplemental,1531311092,C57Bl/6J,black,male,75.0,,cable,BALB/c,white,female,,,,,,,,,,,,,,,,30.0,654.5,18.33,1024,570,35.0,15.0,rectangular,resident-intruder,"[""ear_left"", ""ear_right"", ""hip_left"", ""hip_right"", ""neck"", ""nose"", ""tail_base""]","[""mouse1,mouse2,attemptmount"", ""mouse1,mouse2,intromit"", ""mouse1,mouse2,mount"", ""mouse1,mouse2,sniff"", ""mouse1,mouse2,sniffgenital""]",MARS
CalMS21_supplemental,1536671381,C57Bl/6J,black,male,75.0,,cable,BALB/c,white,female,,,,,,,,,,,,,,,,30.0,302.1,18.33,1024,570,35.0,15.0,rectangular,resident-intruder,"[""ear_left"", ""ear_right"", ""hip_left"", ""hip_right"", ""neck"", ""nose"", ""tail_base""]","[""mouse1,mouse2,attemptmount"", ""mouse1,mouse2,intromit"", ""mouse1,mouse2,mount"", ""mouse1,mouse2,sniff"", ""mouse1,mouse2,sniffgenital""]",MARS
CalMS21_supplemental,1543288869,C57Bl/6J,black,male,66.0,,cable,BALB/c,white,female,,,,,,,,,,,,,,,,30.0,167.3,18.33,1024,570,35.0,15.0,rectangular,resident-intruder,"[""ear_left"", ""ear_right"", ""hip_left"", ""hip_right"", ""neck"", ""nose"", ""tail_base""]","[""mouse1,mouse2,attemptmount"", ""mouse1,mouse2,mount"", ""mouse1,mouse2,sniff"", ""mouse1,mouse2,sniffgenital""]",MARS
CalMS21_supplemental,1573791367,C57Bl/6J,black,male,44.0,,,BALB/c,white,female,,,,,,,,,,,,,,,,30.0,924.0,18.33,1024,570,35.0,15.0,rectangular,resident-intruder,"[""ear_left"", ""ear_right"", ""hip_left"", ""hip_right"", ""neck"", ""nose"", ""tail_base""]","[""mouse1,mouse2,intromit"", ""mouse1,mouse2,mount"", ""mouse1,mouse2,sniff""]",MARS
CalMS21_supplemental,1576527395,C57Bl/6J,black,male,25.0,,,BALB/c,white,male,,,,,,,,,,,,,,,,30.0,587.8,18.33,1024,570,35.0,15.0,rectangular,resident-intruder,"[""ear_left"", ""ear_right"", ""hip_left"", ""hip_right"", ""neck"", ""nose"", ""tail_base""]","[""mouse1,mouse2,attack"", ""mouse1,mouse2,sniff"", ""mouse1,mouse2,sniffgenital""]",MARS
CalMS21_supplemental,1580520873,C57Bl/6J,black,male,5.0,,,BALB/c,white,female,,,,,,,,,,,,,,,,30.0,649.5,18.33,1024,570,35.0,15.0,rectangular,resident-intruder,"[""ear_left"", ""ear_right"", ""hip_left"", ""hip_right"", ""neck"", ""nose"", ""tail_base""]","[""mouse1,mouse2,sniff"", ""mouse1,mouse2,sniffgenital""]",MARS
CalMS21_supplemental,1591554758,C57Bl/6J,black,male,7.0,,,BALB/c,white,female,,,,,,,,,,,,,,,,30.0,475.4,18.33,1024,570,35.0,15.0,rectangular,resident-intruder,"[""ear_left"", ""ear_right"", ""hip_left"", ""hip_right"", ""neck"", ""nose"", ""tail_base""]","[""mouse1,mouse2,mount"", ""mouse1,mouse2,sniff"", ""mouse1,mouse2,sniffgenital""]",MARS
CalMS21_supplemental,1591747692,C57Bl/6J,black,male,50.0,,,BALB/c,white,female,,,,,,,,,,,,,,,,30.0,888.6,18.33,1024,570,35.0,15.0,rectangular,resident-intruder,"[""ear_left"", ""ear_right"", ""hip_left"", ""hip_right"", ""neck"", ""nose"", ""tail_base""]","[""mouse1,mouse2,sniff"", ""mouse1,mouse2,sniffgenital""]",MARS
CalMS21_supplemental,1591757847,C57Bl/6J,black,male,53.0,,,BALB/c,white,female,,,,,,,,,,,,,,,,30.0,867.5,18.33,1024,570,35.0,15.0,rectangular,resident-intruder,"[""ear_left"", ""ear_right"", ""hip_left"", ""hip_right"", ""neck"", ""nose"", ""tail_base""]","[""mouse1,mouse2,mount"", ""mouse1,mouse2,sniff""]",MARS
CalMS21_supplemental,1600524631,C57Bl/6J,black,male,14.0,,,BALB/c,white,male,,,,,,,,,,,,,,,,30.0,656.9,18.33,1024,570,35.0,15.0,rectangular,resident-intruder,"[""ear_left"", ""ear_right"", ""hip_left"", ""hip_right"", ""neck"", ""nose"", ""tail_base""]","[""mouse1,mouse2,attack"", ""mouse1,mouse2,sniff""]",MARS
CalMS21_supplemental,1602849635,C57Bl/6J,black,male,32.0,,,BALB/c,white,female,,,,,,,,,,,,,,,,30.0,887.5,18.33,1024,570,35.0,15.0,rectangular,resident-intruder,"[""ear_left"", ""ear_right"", ""hip_left"", ""hip_right"", ""neck"", ""nose"", ""tail_base""]","[""mouse1,mouse2,sniff""]",MARS
CalMS21_supplemental,1622496449,C57Bl/6J,black,male,74.0,,cable,BALB/c,white,male,,,,,,,,,,,,,,,,30.0,181.6,18.33,1024,570,35.0,15.0,rectangular,resident-intruder,"[""ear_left"", ""ear_right"", ""hip_left"", ""hip_right"", ""neck"", ""nose"", ""tail_base""]","[""mouse1,mouse2,sniff"", ""mouse1,mouse2,sniffgenital""]",MARS
CalMS21_supplemental,1639493039,C57Bl/6J,black,male,4.0,,,BALB/c,white,female,,,,,,,,,,,,,,,,30.0,632.5,18.33,1024,570,35.0,15.0,rectangular,resident-intruder,"[""ear_left"", ""ear_right"", ""hip_left"", ""hip_right"", ""neck"", ""nose"", ""tail_base""]","[""mouse1,mouse2,sniff"", ""mouse1,mouse2,sniffgenital""]",MARS
CalMS21_supplemental,1639810716,C57Bl/6J,black,male,56.0,,,BALB/c,white,female,,,,,,,,,,,,,,,,30.0,933.1,18.33,1024,570,35.0,15.0,rectangular,resident-intruder,"[""ear_left"", ""ear_right"", ""hip_left"", ""hip_right"", ""neck"", ""nose"", ""tail_base""]","[""mouse1,mouse2,intromit"", ""mouse1,mouse2,mount"", ""mouse1,mouse2,sniff""]",MARS
CalMS21_supplemental,1644423633,C57Bl/6J,black,male,79.0,,,BALB/c,white,female,,,,,,,,,,,,,,,,30.0,731.2,18.33,1024,570,35.0,15.0,rectangular,resident-intruder,"[""ear_left"", ""ear_right"", ""hip_left"", ""hip_right"", ""neck"", ""nose"", ""tail_base""]","[""mouse1,mouse2,sniff"", ""mouse1,mouse2,sniffgenital""]",MARS
CalMS21_supplemental,1652683860,C57Bl/6J,black,male,61.0,,cabled device,BALB/c,white,female,,,,,,,,,,,,,,,,30.0,369.8,18.33,1024,570,35.0,15.0,rectangular,resident-intruder,"[""ear_left"", ""ear_right"", ""hip_left"", ""hip_right"", ""neck"", ""nose"", ""tail_base""]","[""mouse1,mouse2,approach"", ""mouse1,mouse2,mount"", ""mouse1,mouse2,sniffbody"", ""mouse1,mouse2,sniffface"", ""mouse1,mouse2,sniffgenital""]",MARS
CalMS21_supplemental,1658817801,C57Bl/6J,black,male,23.0,,,BALB/c,white,male,,,,,,,,,,,,,,,,30.0,622.2,18.33,1024,570,35.0,15.0,rectangular,resident-intruder,"[""ear_left"", ""ear_right"", ""hip_left"", ""hip_right"", ""neck"", ""nose"", ""tail_base""]","[""mouse1,mouse2,attack"", ""mouse1,mouse2,dominancemount"", ""mouse1,mouse2,sniff"", ""mouse1,mouse2,sniffgenital""]",MARS
CalMS21_supplemental,1675950633,C57Bl/6J,black,male,68.0,,cable,BALB/c,white,male,,,,,,,,,,,,,,,,30.0,163.2,18.33,1024,570,35.0,15.0,rectangular,resident-intruder,"[""ear_left"", ""ear_right"", ""hip_left"", ""hip_right"", ""neck"", ""nose"", ""tail_base""]","[""mouse1,mouse2,attack"", ""mouse1,mouse2,dominancemount"", ""mouse1,mouse2,sniff"", ""mouse1,mouse2,sniffgenital""]",MARS
CalMS21_supplemental,1683673468,C57Bl/6J,black,male,39.0,,,BALB/c,white,female,,,,,,,,,,,,,,,,30.0,888.1,18.33,1024,570,35.0,15.0,rectangular,resident-intruder,"[""ear_left"", ""ear_right"", ""hip_left"", ""hip_right"", ""neck"", ""nose"", ""tail_base""]","[""mouse1,mouse2,intromit"", ""mouse1,mouse2,mount"", ""mouse1,mouse2,sniff""]",MARS
CalMS21_supplemental,1691279417,C57Bl/6J,black,male,20.0,,,BALB/c,white,female,,,,,,,,,,,,,,,,30.0,900.0,18.33,1024,570,35.0,15.0,rectangular,resident-intruder,"[""ear_left"", ""ear_right"", ""hip_left"", ""hip_right"", ""neck"", ""nose"", ""tail_base""]","[""mouse1,mouse2,mount"", ""mouse1,mouse2,sniff"", ""mouse1,mouse2,sniffgenital""]",MARS
CalMS21_supplemental,1691760122,C57Bl/6J,black,male,30.0,,,BALB/c,white,male,,,,,,,,,,,,,,,,30.0,1212.6,18.33,1024,570,35.0,15.0,rectangular,resident-intruder,"[""ear_left"", ""ear_right"", ""hip_left"", ""hip_right"", ""neck"", ""nose"", ""tail_base""]","[""mouse1,mouse2,sniff"", ""mouse1,mouse2,sniffgenital""]",MARS
CalMS21_supplemental,1695342547,C57Bl/6J,black,male,71.0,,cable,BALB/c,white,female,,,,,,,,,,,,,,,,30.0,208.9,18.33,1024,570,35.0,15.0,rectangular,resident-intruder,"[""ear_left"", ""ear_right"", ""hip_left"", ""hip_right"", ""neck"", ""nose"", ""tail_base""]","[""mouse1,mouse2,sniff"", ""mouse1,mouse2,sniffgenital""]",MARS
CalMS21_supplemental,1695348554,C57Bl/6J,black,male,47.0,,,BALB/c,white,male,,,,,,,,,,,,,,,,30.0,560.6,18.33,1024,570,35.0,15.0,rectangular,resident-intruder,"[""ear_left"", ""ear_right"", ""hip_left"", ""hip_right"", ""neck"", ""nose"", ""tail_base""]","[""mouse1,mouse2,attack"", ""mouse1,mouse2,sniff""]",MARS
CalMS21_supplemental,1703310497,C57Bl/6J,black,male,24.0,,,BALB/c,white,male,,,,,,,,,,,,,,,,30.0,1181.6,18.33,1024,570,35.0,15.0,rectangular,resident-intruder,"[""ear_left"", ""ear_right"", ""hip_left"", ""hip_right"", ""neck"", ""nose"", ""tail_base""]","[""mouse1,mouse2,attack"", ""mouse1,mouse2,dominancemount"", ""mouse1,mouse2,sniff"", ""mouse1,mouse2,sniffgenital""]",MARS
CalMS21_supplemental,1706585169,C57Bl/6J,black,male,43.0,,,BALB/c,white,female,,,,,,,,,,,,,,,,30.0,927.6,18.33,1024,570,35.0,15.0,rectangular,resident-intruder,"[""ear_left"", ""ear_right"", ""hip_left"", ""hip_right"", ""neck"", ""nose"", ""tail_base""]","[""mouse1,mouse2,mount"", ""mouse1,mouse2,sniff""]",MARS
CalMS21_supplemental,1724547877,C57Bl/6J,black,male,74.0,,cable,BALB/c,white,female,,,,,,,,,,,,,,,,30.0,308.7,18.33,1024,570,35.0,15.0,rectangular,resident-intruder,"[""ear_left"", ""ear_right"", ""hip_left"", ""hip_right"", ""neck"", ""nose"", ""tail_base""]","[""mouse1,mouse2,attemptmount"", ""mouse1,mouse2,mount"", ""mouse1,mouse2,sniff"", ""mouse1,mouse2,sniffgenital""]",MARS
CalMS21_supplemental,1729232290,C57Bl/6J,black,male,70.0,,cable,BALB/c,white,male,,,,,,,,,,,,,,,,30.0,145.7,18.33,1024,570,35.0,15.0,rectangular,resident-intruder,"[""ear_left"", ""ear_right"", ""hip_left"", ""hip_right"", ""neck"", ""nose"", ""tail_base""]","[""mouse1,mouse2,attack"", ""mouse1,mouse2,dominancemount"", ""mouse1,mouse2,sniff"", ""mouse1,mouse2,sniffgenital""]",MARS
CalMS21_supplemental,1733995999,C57Bl/6J,black,male,31.0,,,BALB/c,white,female,,,,,,,,,,,,,,,,30.0,877.1,18.33,1024,570,35.0,15.0,rectangular,resident-intruder,"[""ear_left"", ""ear_right"", ""hip_left"", ""hip_right"", ""neck"", ""nose"", ""tail_base""]","[""mouse1,mouse2,mount"", ""mouse1,mouse2,sniff"", ""mouse1,mouse2,sniffgenital""]",MARS
CalMS21_supplemental,1761366259,C57Bl/6J,black,male,48.0,,,BALB/c,white,female,,,,,,,,,,,,,,,,30.0,892.8,18.33,1024,570,35.0,15.0,rectangular,resident-intruder,"[""ear_left"", ""ear_right"", ""hip_left"", ""hip_right"", ""neck"", ""nose"", ""tail_base""]","[""mouse1,mouse2,intromit"", ""mouse1,mouse2,mount"", ""mouse1,mouse2,sniff"", ""mouse1,mouse2,sniffgenital""]",MARS
CalMS21_supplemental,1771120435,C57Bl/6J,black,male,15.0,,,BALB/c,white,male,,,,,,,,,,,,,,,,30.0,578.0,18.33,1024,570,35.0,15.0,rectangular,resident-intruder,"[""ear_left"", ""ear_right"", ""hip_left"", ""hip_right"", ""neck"", ""nose"", ""tail_base""]","[""mouse1,mouse2,attack"", ""mouse1,mouse2,dominancemount"", ""mouse1,mouse2,sniff""]",MARS
CalMS21_supplemental,1774554697,C57Bl/6J,black,male,74.0,,cable,BALB/c,white,male,,,,,,,,,,,,,,,,30.0,391.5,18.33,1024,570,35.0,15.0,rectangular,resident-intruder,"[""ear_left"", ""ear_right"", ""hip_left"", ""hip_right"", ""neck"", ""nose"", ""tail_base""]","[""mouse1,mouse2,attack"", ""mouse1,mouse2,dominancemount"", ""mouse1,mouse2,sniff"", ""mouse1,mouse2,sniffgenital""]",MARS
CalMS21_supplemental,1776748589,C57Bl/6J,black,male,40.0,,,BALB/c,white,female,,,,,,,,,,,,,,,,30.0,882.4,18.33,1024,570,35.0,15.0,rectangular,resident-intruder,"[""ear_left"", ""ear_right"", ""hip_left"", ""hip_right"", ""neck"", ""nose"", ""tail_base""]","[""mouse1,mouse2,intromit"", ""mouse1,mouse2,mount"", ""mouse1,mouse2,sniff"", ""mouse1,mouse2,sniffgenital""]",MARS
CalMS21_supplemental,1788436101,C57Bl/6J,black,male,57.0,,,BALB/c,white,male,,,,,,,,,,,,,,,,30.0,610.8,18.33,1024,570,35.0,15.0,rectangular,resident-intruder,"[""ear_left"", ""ear_right"", ""hip_left"", ""hip_right"", ""neck"", ""nose"", ""tail_base""]","[""mouse1,mouse2,attack"", ""mouse1,mouse2,sniff""]",MARS
CalMS21_supplemental,1821740904,C57Bl/6J,black,male,5.0,,,BALB/c,white,female,,,,,,,,,,,,,,,,30.0,869.4,18.33,1024,570,35.0,15.0,rectangular,resident-intruder,"[""ear_left"", ""ear_right"", ""hip_left"", ""hip_right"", ""neck"", ""nose"", ""tail_base""]","[""mouse1,mouse2,mount"", ""mouse1,mouse2,sniff"", ""mouse1,mouse2,sniffgenital""]",MARS
CalMS21_supplemental,1853523159,C57Bl/6J,black,male,78.0,,,BALB/c,white,female,,,,,,,,,,,,,,,,30.0,706.0,18.33,1024,570,35.0,15.0,rectangular,resident-intruder,"[""ear_left"", ""ear_right"", ""hip_left"", ""hip_right"", ""neck"", ""nose"", ""tail_base""]","[""mouse1,mouse2,sniff"", ""mouse1,mouse2,sniffgenital""]",MARS
CalMS21_supplemental,1865009668,C57Bl/6J,black,male,35.0,,,BALB/c,white,female,,,,,,,,,,,,,,,,30.0,868.3,18.33,1024,570,35.0,15.0,rectangular,resident-intruder,"[""ear_left"", ""ear_right"", ""hip_left"", ""hip_right"", ""neck"", ""nose"", ""tail_base""]","[""mouse1,mouse2,sniff"", ""mouse1,mouse2,sniffgenital""]",MARS
CalMS21_supplemental,1870526030,C57Bl/6J,black,male,42.0,,,BALB/c,white,male,,,,,,,,,,,,,,,,30.0,630.5,18.33,1024,570,35.0,15.0,rectangular,resident-intruder,"[""ear_left"", ""ear_right"", ""hip_left"", ""hip_right"", ""neck"", ""nose"", ""tail_base""]","[""mouse1,mouse2,attack"", ""mouse1,mouse2,dominancemount"", ""mouse1,mouse2,sniff"", ""mouse1,mouse2,sniffgenital""]",MARS
CalMS21_supplemental,1872766812,C57Bl/6J,black,male,78.0,,,BALB/c,white,female,,,,,,,,,,,,,,,,30.0,590.4,18.33,1024,570,35.0,15.0,rectangular,resident-intruder,"[""ear_left"", ""ear_right"", ""hip_left"", ""hip_right"", ""neck"", ""nose"", ""tail_base""]","[""mouse1,mouse2,sniff"", ""mouse1,mouse2,sniffgenital""]",MARS
CalMS21_supplemental,1887057159,C57Bl/6J,black,male,72.0,,cable,BALB/c,white,female,,,,,,,,,,,,,,,,30.0,252.1,18.33,1024,570,35.0,15.0,rectangular,resident-intruder,"[""ear_left"", ""ear_right"", ""hip_left"", ""hip_right"", ""neck"", ""nose"", ""tail_base""]","[""mouse1,mouse2,attemptmount"", ""mouse1,mouse2,mount"", ""mouse1,mouse2,sniff"", ""mouse1,mouse2,sniffgenital""]",MARS
CalMS21_supplemental,1887340589,C57Bl/6J,black,male,3.0,,,BALB/c,white,female,,,,,,,,,,,,,,,,30.0,703.6,18.33,1024,570,35.0,15.0,rectangular,resident-intruder,"[""ear_left"", ""ear_right"", ""hip_left"", ""hip_right"", ""neck"", ""nose"", ""tail_base""]","[""mouse1,mouse2,sniff"", ""mouse1,mouse2,sniffgenital""]",MARS
CalMS21_supplemental,1900472420,C57Bl/6J,black,male,62.0,,cabled device,BALB/c,white,male,,,,,,,,,,,,,,,,30.0,431.4,18.33,1024,570,35.0,15.0,rectangular,resident-intruder,"[""ear_left"", ""ear_right"", ""hip_left"", ""hip_right"", ""neck"", ""nose"", ""tail_base""]","[""mouse1,mouse2,approach"", ""mouse1,mouse2,attemptmount"", ""mouse1,mouse2,mount"", ""mouse1,mouse2,sniffbody"", ""mouse1,mouse2,sniffface"", ""mouse1,mouse2,sniffgenital""]",MARS
CalMS21_supplemental,1907533650,C57Bl/6J,black,male,72.0,,cable,BALB/c,white,male,,,,,,,,,,,,,,,,30.0,204.2,18.33,1024,570,35.0,15.0,rectangular,resident-intruder,"[""ear_left"", ""ear_right"", ""hip_left"", ""hip_right"", ""neck"", ""nose"", ""tail_base""]","[""mouse1,mouse2,dominancemount"", ""mouse1,mouse2,sniff"", ""mouse1,mouse2,sniffgenital""]",MARS
CalMS21_supplemental,1914240174,C57Bl/6J,black,male,8.0,,,BALB/c,white,female,,,,,,,,,,,,,,,,30.0,670.9,18.33,1024,570,35.0,15.0,rectangular,resident-intruder,"[""ear_left"", ""ear_right"", ""hip_left"", ""hip_right"", ""neck"", ""nose"", ""tail_base""]","[""mouse1,mouse2,sniff"", ""mouse1,mouse2,sniffgenital""]",MARS
CalMS21_supplemental,1915789767,C57Bl/6J,black,male,65.0,,cabled device,BALB/c,white,female,,,,,,,,,,,,,,,,30.0,286.9,18.33,1024,570,35.0,15.0,rectangular,resident-intruder,"[""ear_left"", ""ear_right"", ""hip_left"", ""hip_right"", ""neck"", ""nose"", ""tail_base""]","[""mouse1,mouse2,approach"", ""mouse1,mouse2,mount"", ""mouse1,mouse2,sniffbody"", ""mouse1,mouse2,sniffface"", ""mouse1,mouse2,sniffgenital""]",MARS
CalMS21_supplemental,1917012134,C57Bl/6J,black,male,28.0,,,BALB/c,white,male,,,,,,,,,,,,,,,,30.0,1168.6,18.33,1024,570,35.0,15.0,rectangular,resident-intruder,"[""ear_left"", ""ear_right"", ""hip_left"", ""hip_right"", ""neck"", ""nose"", ""tail_base""]","[""mouse1,mouse2,dominancemount"", ""mouse1,mouse2,sniff"", ""mouse1,mouse2,sniffgenital""]",MARS
CalMS21_supplemental,1952344815,C57Bl/6J,black,male,41.0,,,BALB/c,white,female,,,,,,,,,,,,,,,,30.0,880.3,18.33,1024,570,35.0,15.0,rectangular,resident-intruder,"[""ear_left"", ""ear_right"", ""hip_left"", ""hip_right"", ""neck"", ""nose"", ""tail_base""]","[""mouse1,mouse2,intromit"", ""mouse1,mouse2,mount"", ""mouse1,mouse2,sniff""]",MARS
CalMS21_supplemental,1954031391,C57Bl/6J,black,male,2.0,,,BALB/c,white,female,,,,,,,,,,,,,,,,30.0,672.8,18.33,1024,570,35.0,15.0,rectangular,resident-intruder,"[""ear_left"", ""ear_right"", ""hip_left"", ""hip_right"", ""neck"", ""nose"", ""tail_base""]","[""mouse1,mouse2,sniff"", ""mouse1,mouse2,sniffgenital""]",MARS
CalMS21_supplemental,1962858066,C57Bl/6J,black,male,68.0,,cable,BALB/c,white,male,,,,,,,,,,,,,,,,30.0,303.7,18.33,1024,570,35.0,15.0,rectangular,resident-intruder,"[""ear_left"", ""ear_right"", ""hip_left"", ""hip_right"", ""neck"", ""nose"", ""tail_base""]","[""mouse1,mouse2,attack"", ""mouse1,mouse2,dominancemount"", ""mouse1,mouse2,sniff"", ""mouse1,mouse2,sniffgenital""]",MARS
CalMS21_supplemental,1970018431,C57Bl/6J,black,male,67.0,,cable,BALB/c,white,male,,,,,,,,,,,,,,,,30.0,645.2,18.33,1024,570,35.0,15.0,rectangular,resident-intruder,"[""ear_left"", ""ear_right"", ""hip_left"", ""hip_right"", ""neck"", ""nose"", ""tail_base""]","[""mouse1,mouse2,attemptmount"", ""mouse1,mouse2,dominancemount"", ""mouse1,mouse2,mount"", ""mouse1,mouse2,sniff"", ""mouse1,mouse2,sniffgenital""]",MARS
CalMS21_supplemental,1980223276,C57Bl/6J,black,male,10.0,,,BALB/c,white,female,,,,,,,,,,,,,,,,30.0,882.7,18.33,1024,570,35.0,15.0,rectangular,resident-intruder,"[""ear_left"", ""ear_right"", ""hip_left"", ""hip_right"", ""neck"", ""nose"", ""tail_base""]","[""mouse1,mouse2,intromit"", ""mouse1,mouse2,mount"", ""mouse1,mouse2,sniff""]",MARS
CalMS21_supplemental,1984570060,C57Bl/6J,black,male,73.0,,cable,BALB/c,white,male,,,,,,,,,,,,,,,,30.0,350.6,18.33,1024,570,35.0,15.0,rectangular,resident-intruder,"[""ear_left"", ""ear_right"", ""hip_left"", ""hip_right"", ""neck"", ""nose"", ""tail_base""]","[""mouse1,mouse2,dominancemount"", ""mouse1,mouse2,sniff"", ""mouse1,mouse2,sniffgenital""]",MARS
CalMS21_supplemental,1988640923,C57Bl/6J,black,male,26.0,,,BALB/c,white,male,,,,,,,,,,,,,,,,30.0,887.7,18.33,1024,570,35.0,15.0,rectangular,resident-intruder,"[""ear_left"", ""ear_right"", ""hip_left"", ""hip_right"", ""neck"", ""nose"", ""tail_base""]","[""mouse1,mouse2,attack"", ""mouse1,mouse2,mount"", ""mouse1,mouse2,sniff"", ""mouse1,mouse2,sniffgenital""]",MARS
CalMS21_supplemental,2017225429,C57Bl/6J,black,male,7.0,,,BALB/c,white,female,,,,,,,,,,,,,,,,30.0,660.1,18.33,1024,570,35.0,15.0,rectangular,resident-intruder,"[""ear_left"", ""ear_right"", ""hip_left"", ""hip_right"", ""neck"", ""nose"", ""tail_base""]","[""mouse1,mouse2,sniff"", ""mouse1,mouse2,sniffgenital""]",MARS
CalMS21_supplemental,2030380897,C57Bl/6J,black,male,11.0,,,BALB/c,white,female,,,,,,,,,,,,,,,,30.0,878.4,18.33,1024,570,35.0,15.0,rectangular,resident-intruder,"[""ear_left"", ""ear_right"", ""hip_left"", ""hip_right"", ""neck"", ""nose"", ""tail_base""]","[""mouse1,mouse2,intromit"", ""mouse1,mouse2,mount"", ""mouse1,mouse2,sniff""]",MARS
CalMS21_supplemental,2032102979,C57Bl/6J,black,male,8.0,,,BALB/c,white,female,,,,,,,,,,,,,,,,30.0,562.1,18.33,1024,570,35.0,15.0,rectangular,resident-intruder,"[""ear_left"", ""ear_right"", ""hip_left"", ""hip_right"", ""neck"", ""nose"", ""tail_base""]","[""mouse1,mouse2,sniff"", ""mouse1,mouse2,sniffgenital""]",MARS
CalMS21_supplemental,2034534324,C57Bl/6J,black,male,22.0,,,BALB/c,white,male,,,,,,,,,,,,,,,,30.0,639.3,18.33,1024,570,35.0,15.0,rectangular,resident-intruder,"[""ear_left"", ""ear_right"", ""hip_left"", ""hip_right"", ""neck"", ""nose"", ""tail_base""]","[""mouse1,mouse2,attack"", ""mouse1,mouse2,sniff"", ""mouse1,mouse2,sniffgenital""]",MARS
CalMS21_supplemental,2057608448,C57Bl/6J,black,male,49.0,,,BALB/c,white,male,,,,,,,,,,,,,,,,30.0,609.3,18.33,1024,570,35.0,15.0,rectangular,resident-intruder,"[""ear_left"", ""ear_right"", ""hip_left"", ""hip_right"", ""neck"", ""nose"", ""tail_base""]","[""mouse1,mouse2,attack"", ""mouse1,mouse2,dominancemount"", ""mouse1,mouse2,sniff""]",MARS
CalMS21_supplemental,2103676486,C57Bl/6J,black,male,56.0,,,BALB/c,white,female,,,,,,,,,,,,,,,,30.0,901.7,18.33,1024,570,35.0,15.0,rectangular,resident-intruder,"[""ear_left"", ""ear_right"", ""hip_left"", ""hip_right"", ""neck"", ""nose"", ""tail_base""]","[""mouse1,mouse2,intromit"", ""mouse1,mouse2,mount"", ""mouse1,mouse2,sniff""]",MARS
CalMS21_supplemental,2109429295,C57Bl/6J,black,male,6.0,,,BALB/c,white,female,,,,,,,,,,,,,,,,30.0,682.3,18.33,1024,570,35.0,15.0,rectangular,resident-intruder,"[""ear_left"", ""ear_right"", ""hip_left"", ""hip_right"", ""neck"", ""nose"", ""tail_base""]","[""mouse1,mouse2,sniff"", ""mouse1,mouse2,sniffgenital""]",MARS
CalMS21_supplemental,2118799217,C57Bl/6J,black,male,52.0,,,BALB/c,white,male,,,,,,,,,,,,,,,,30.0,1193.4,18.33,1024,570,35.0,15.0,rectangular,resident-intruder,"[""ear_left"", ""ear_right"", ""hip_left"", ""hip_right"", ""neck"", ""nose"", ""tail_base""]","[""mouse1,mouse2,attack"", ""mouse1,mouse2,sniff"", ""mouse1,mouse2,sniffgenital""]",MARS
CalMS21_supplemental,2121861703,C57Bl/6J,black,male,74.0,,cable,BALB/c,white,female,,,,,,,,,,,,,,,,30.0,275.2,18.33,1024,570,35.0,15.0,rectangular,resident-intruder,"[""ear_left"", ""ear_right"", ""hip_left"", ""hip_right"", ""neck"", ""nose"", ""tail_base""]","[""mouse1,mouse2,sniff"", ""mouse1,mouse2,sniffgenital""]",MARS
CalMS21_supplemental,2122787540,C57Bl/6J,black,male,11.0,,,BALB/c,white,male,,,,,,,,,,,,,,,,30.0,866.4,18.33,1024,570,35.0,15.0,rectangular,resident-intruder,"[""ear_left"", ""ear_right"", ""hip_left"", ""hip_right"", ""neck"", ""nose"", ""tail_base""]","[""mouse1,mouse2,sniff""]",MARS
CalMS21_supplemental,2143302778,C57Bl/6J,black,male,10.0,,,BALB/c,white,female,,,,,,,,,,,,,,,,30.0,574.9,18.33,1024,570,35.0,15.0,rectangular,resident-intruder,"[""ear_left"", ""ear_right"", ""hip_left"", ""hip_right"", ""neck"", ""nose"", ""tail_base""]","[""mouse1,mouse2,intromit"", ""mouse1,mouse2,mount"", ""mouse1,mouse2,sniff""]",MARS
